,Chuyen muc,Nhu cau,Tinh/Thanh pho,Quan/huyen,Xa/Phuong,Duong/khu vuc,Gia,Ngay dang,Dien tich,Huong,So Tang,So phong,Nha ve sinh,Giay to phap,Dien thoai,Mo ta
0,Nhà,Cần bán,Đà Nẵng,Quận Thanh Khê,Phường Vĩnh Trung,"Đường Lê Duẩn, Phường Vĩnh Trung, Quận Thanh Khê, Đà Nẵng","2,2 tỷ",10/05/2021,47m²,,,2,,Đã có sổ,Đăng nhập để xem,
1,Nhà,Cần bán,Đà Nẵng,Quận Cẩm Lệ,Phường Hòa Thọ Tây,"29/xx, Đường Nguyễn Như Đãi, Phường Hòa Thọ Tây, Quận Cẩm Lệ, Đà Nẵng","1,45 tỷ",10/05/2021,90m²,Bắc,,3,1,Đã có sổ,Đăng nhập để xem,
2,Đất,Cần bán,Long An,Huyện Đức Hòa,Xã Mỹ Hạnh Nam,"Đường Nguyễn Văn Bứa, Xã Mỹ Hạnh Nam, Huyện Đức Hòa, Long An",550 triệu,10/05/2021,90m²,,,,,Đã có sổ,Đăng nhập để xem,
3,Nhà,Cần bán,Hồ Chí Minh,Quận 6,Phường 4,"Đường Phạm Văn Chí, Phường 4, Quận 6, Tp Hồ Chí Minh","9,5 tỷ",10/05/2021,120m²,,,2,2,Đã có sổ,Đăng nhập để xem,
4,Đất,Cần bán,Bà Rịa - Vũng Tàu,Thị xã Phú Mỹ,Xã Tân Hải,"Đường Quốc Lộ 51, Xã Tân Hải, Thị xã Phú Mỹ, Bà Rịa - Vũng Tàu","2,2 tỷ",10/05/2021,186m²,Đông,,,,Đã có sổ,Đăng nhập để xem,
5,Nhà,Cần bán,Hà Nội,Quận Hoàng Mai,Phường Định Công,"Đường Định Công Hạ, Phường Định Công, Quận Hoàng Mai, Hà Nội","4,2 tỷ",10/05/2021,60m²,,4,4,3,Đã có sổ,Đăng nhập để xem,
6,Nhà,Cần bán,Hồ Chí Minh,Quận Tân Bình,Phường 14,"Đường Đồng Đen, Phường 14, Quận Tân Bình, Tp Hồ Chí Minh","4,35 tỷ",10/05/2021,36m²,,,3,3,Đã có sổ,Đăng nhập để xem,
7,Đất,Cần bán,Thừa Thiên Huế,Huyện Quảng Điền,Xã Quảng Vinh,"Nguyễn Vịnh, Xã Quảng Vinh, Huyện Quảng Điền, Thừa Thiên Huế",480 triệu,10/05/2021,82m²,Tây Bắc,,,,Đã có sổ,Đăng nhập để xem,
8,Nhà,Cần bán,Hồ Chí Minh,Huyện Hóc Môn,Xã Bà Điểm,"PHAN VĂN HỚN, Xã Bà Điểm, Huyện Hóc Môn, Tp Hồ Chí Minh",790 triệu,10/05/2021,80m²,,,2,1,Đã có sổ,Đăng nhập để xem,
9,"Căn hộ, Chung cư",Cho thuê,Hồ Chí Minh,Quận 8,Phường 6,"số 1A, số 1A Đường Tạ Quang Bửu, Phường 6, Quận 8, Tp Hồ Chí Minh",8 triệu/tháng,10/05/2021,85m²,,,2,2,Đang chờ sổ,Đăng nhập để xem,
10,Đất,Cần bán,Đồng Nai,Huyện Trảng Bom,Xã Sông Thao,"Đường Sông Thao Bau Ham, Xã Sông Thao, Huyện Trảng Bom, Đồng Nai",132 triệu,10/05/2021,115m²,,,,,,Đăng nhập để xem,
11,Đất,Cần bán,Tây Ninh,Huyện Châu Thành,Xã Phước Vinh,"Đường 781, Xã Phước Vinh, Huyện Châu Thành, Tây Ninh",580.000 đ,10/05/2021,1.000m²,Đông Bắc,,,,Đã có sổ,Đăng nhập để xem,
12,Nhà,Cần bán,Hồ Chí Minh,Quận Gò Vấp,Phường 9,"Đường Số 9, Phường 9, Quận Gò Vấp, Tp Hồ Chí Minh","4,7 tỷ",10/05/2021,56m²,Tây Bắc,1,3,3,Đã có sổ,Đăng nhập để xem,
13,"Căn hộ, Chung cư",Cần bán,Hồ Chí Minh,Quận Thủ Đức,Phường Linh Tây,"Phạm Văn Đồng, Phường Linh Tây, Quận Thủ Đức, Tp Hồ Chí Minh","1,55 tỷ",10/05/2021,59m²,Nam,,2,2,Đã có sổ,Đăng nhập để xem,
14,Nhà,Cần mua,Hồ Chí Minh,Quận 10,,,5 tỷ,10/05/2021,80m²,,,1,,,Đăng nhập để xem,
15,Đất,Cần bán,Đồng Nai,Thành phố Biên Hòa,Phường Thống Nhất,"Đường N3, Phường Thống Nhất, Thành phố Biên Hòa, Đồng Nai","1,55 tỷ",10/05/2021,84m²,,,,,Đã có sổ,Đăng nhập để xem,
16,"Căn hộ, Chung cư",Cho thuê,Hồ Chí Minh,Quận 7,Phường Bình Thuận,"528, 528 Đường Huỳnh Tấn Phát, Phường Bình Thuận, Quận 7, Tp Hồ Chí Minh",10 triệu/tháng,10/05/2021,65m²,,,2,2,,Đăng nhập để xem,
17,Nhà,Cho thuê,Hồ Chí Minh,Quận 10,Phường 12,"391/7, sư vạn hạnh, Phường 12, Quận 10, Tp Hồ Chí Minh",23 triệu/tháng,10/05/2021,80m²,Bắc,2,2,2,Đã có sổ,Đăng nhập để xem,
18,Nhà,Cho thuê,Hồ Chí Minh,Quận Tân Bình,Phường 13,"39A, Lê Tấn Quốc, Phường 13, Quận Tân Bình, Tp Hồ Chí Minh","16,5 triệu/tháng",10/05/2021,88m²,,,4,3,,Đăng nhập để xem,
19,Đất,Cần bán,Hồ Chí Minh,Quận Thủ Đức,Phường Tam Bình,"Đường Gò Dưa, Phường Tam Bình, Quận Thủ Đức, Tp Hồ Chí Minh","9,9 tỷ",10/05/2021,87m²,,,,,Đã có sổ,Đăng nhập để xem,
20,Đất,Cần bán,Hồ Chí Minh,Huyện Bình Chánh,Xã Tân Quý Tây,"Đường 234, Xã Tân Quý Tây, Huyện Bình Chánh, Tp Hồ Chí Minh",16 tỷ,10/05/2021,1.600m²,,,,,Đã có sổ,Đăng nhập để xem,
21,Đất,Cần bán,Hồ Chí Minh,Huyện Củ Chi,Xã Phước Thạnh,"Đường 22, Xã Phước Thạnh, Huyện Củ Chi, Tp Hồ Chí Minh","2,9 tỷ",10/05/2021,200m²,,,,,Đã có sổ,Đăng nhập để xem,
22,Nhà,Cho thuê,Hồ Chí Minh,Quận Thủ Đức,Phường Hiệp Bình Phước,"Quốc Lộ 13, Phường Hiệp Bình Phước, Quận Thủ Đức, Tp Hồ Chí Minh",13 triệu/tháng,10/05/2021,189m²,,1,2,1,Đã có sổ,Đăng nhập để xem,
23,Đất,Cần bán,Đắk Lắk,Thành phố Buôn Ma Thuột,Xã Ea Tu,"vành đai 14-26, Xã Ea Tu, Thành phố Buôn Ma Thuột, Đắk Lắk","1,55 tỷ",10/05/2021,422m²,Nam,,,,Đã có sổ,Đăng nhập để xem,
24,"Căn hộ, Chung cư",Cho thuê,Hồ Chí Minh,Quận Bình Thạnh,Phường 13,"nguyễn xí, Phường 13, Quận Bình Thạnh, Tp Hồ Chí Minh","5,5 triệu/tháng",10/05/2021,30m²,,,1,1,,Đăng nhập để xem,
25,Nhà,Cho thuê,Bình Dương,Thị xã Dĩ An,Phường Tân Đông Hiệp,"Gần Bệnh viện Dĩ An, Phường Tân Đông Hiệp, Thị xã Dĩ An, Bình Dương",3 triệu/tháng,10/05/2021,45m²,,,2,2,,Đăng nhập để xem,
26,Nhà,Cần bán,Hà Nội,Quận Ba Đình,Phường Liễu Giai,"Đường Văn Cao, Phường Liễu Giai, Quận Ba Đình, Hà Nội","3,4 tỷ",10/05/2021,29m²,,,3,,,Đăng nhập để xem,
27,Nhà,Cho thuê,Hồ Chí Minh,Quận Tân Bình,Phường 8,"Đường Lạc Long Quân, Phường 8, Quận Tân Bình, Tp Hồ Chí Minh",13 triệu/tháng,10/05/2021,100m²,,,1,1,,Đăng nhập để xem,
28,"Căn hộ, Chung cư",Cho thuê,Bình Định,Thành phố Qui Nhơn,Phường Nguyễn Văn Cừ,"Đường Nguyễn Thái Học, Phường Nguyễn Văn Cừ, Thành phố Qui Nhơn, Bình Định",8 triệu/tháng,10/05/2021,65m²,,,2,2,Đã có sổ,Đăng nhập để xem,
29,Đất,Cần bán,Cần Thơ,Quận Cái Răng,Phường Phú Thứ,"Đường Võ Nguyên Giáp, Phường Phú Thứ, Quận Cái Răng, Cần Thơ","7,9 tỷ",10/05/2021,222m²,,,,,Đã có sổ,Đăng nhập để xem,
30,"Căn hộ, Chung cư",Cho thuê,Hồ Chí Minh,Quận Phú Nhuận,Phường 10,"Đường Lê Văn Sỹ, Phường 10, Quận Phú Nhuận, Tp Hồ Chí Minh",7 triệu/tháng,10/05/2021,45m²,,,1,1,Đã có sổ,Đăng nhập để xem,
31,"Căn hộ, Chung cư",Cho thuê,Hồ Chí Minh,Quận 7,Phường Bình Thuận,"142/38, Đường Nguyễn Thị Thập, Phường Bình Thuận, Quận 7, Tp Hồ Chí Minh",400 triệu/tháng,10/05/2021,80m²,,,,,Giấy tờ khác,Đăng nhập để xem,
32,"Căn hộ, Chung cư",Cho thuê,Hồ Chí Minh,Quận Tân Phú,Phường Hiệp Tân,"239 – 241 – 278, 239 – 241 – 278  Đường Hòa Bình, Phường Hiệp Tân, Quận Tân Phú, Tp Hồ Chí Minh",15 triệu/tháng,10/05/2021,91m²,,,3,2,,Đăng nhập để xem,
33,Nhà,Cho thuê,Hồ Chí Minh,Quận Tân Phú,Phường Tân Thành,"Đường Vườn Lài, Phường Tân Thành, Quận Tân Phú, Tp Hồ Chí Minh",12 triệu/tháng,10/05/2021,75m²,,,2,2,Đang chờ sổ,Đăng nhập để xem,
34,"Căn hộ, Chung cư",Cần bán,Bình Dương,Thành phố Thuận An,Phường Thuận Giao,"Đường Đại Lộ Bình Dương, Phường Thuận Giao, Thành phố Thuận An, Bình Dương","1,8 tỷ",10/05/2021,52m²,,,1,1,Đang chờ sổ,Đăng nhập để xem,
35,Nhà,Cần bán,Hồ Chí Minh,Quận 1,Phường Bến Nghé,"63A, Đường Nam Kỳ Khởi Nghĩa, Phường Bến Nghé, Quận 1, Tp Hồ Chí Minh","4,5 tỷ",10/05/2021,90m²,,,4,4,Đang chờ sổ,Đăng nhập để xem,
36,Nhà,Cho thuê,Hồ Chí Minh,Quận Thủ Đức,Phường Bình Chiểu,"Ngô Chí Quốc, Phường Bình Chiểu, Quận Thủ Đức, Tp Hồ Chí Minh",8 triệu/tháng,10/05/2021,50m²,,,4,3,,Đăng nhập để xem,
37,"Căn hộ, Chung cư",Cho thuê,Hồ Chí Minh,Quận Tân Phú,Phường Hiệp Tân,"239 – 241 – 278, 239 – 241 – 278  Đường Hòa Bình, Phường Hiệp Tân, Quận Tân Phú, Tp Hồ Chí Minh",12 triệu/tháng,10/05/2021,65m²,,,2,2,Đang chờ sổ,Đăng nhập để xem,
38,Đất,Cần bán,Bắc Ninh,Huyện Quế Võ,Xã Việt Hùng,"Đường Quốc lộ 18, Xã Việt Hùng, Huyện Quế Võ, Bắc Ninh",120 tỷ,10/05/2021,55.000m²,,,,,,Đăng nhập để xem,
39,Đất,Cần bán,Hồ Chí Minh,Huyện Hóc Môn,Xã Tân Thới Nhì,"Dương Công Khi, Xã Tân Thới Nhì, Huyện Hóc Môn, Tp Hồ Chí Minh",900 triệu,10/05/2021,120m²,,,,,Đã có sổ,Đăng nhập để xem,
40,Đất,Cần bán,Đồng Nai,Huyện Trảng Bom,Xã An Viễn,"Đường Phùng Hưng, Xã An Viễn, Huyện Trảng Bom, Đồng Nai","1,8 tỷ",10/05/2021,100m²,Đông Nam,,,,Đã có sổ,Đăng nhập để xem,
41,Đất,Cần bán,Đồng Nai,Huyện Long Thành,Xã Bình Sơn,"Đường ĐT 769, Xã Bình Sơn, Huyện Long Thành, Đồng Nai",670 triệu,10/05/2021,115m²,,,,,Đã có sổ,Đăng nhập để xem,
42,"Căn hộ, Chung cư",Cần thuê,Hồ Chí Minh,Quận 8,Phường 4,"Đường Cao Lỗ, Phường 4, Quận 8, Tp Hồ Chí Minh",5 triệu/tháng,10/05/2021,60m²,,,2,,,Đăng nhập để xem,
43,"Căn hộ, Chung cư",Cần bán,Hồ Chí Minh,Quận 8,Phường 16,"192, Đường Phạm Đức Sơn, Phường 16, Quận 8, Tp Hồ Chí Minh","1,55 tỷ",10/05/2021,51m²,,,1,1,Đang chờ sổ,Đăng nhập để xem,
44,Đất,Cần bán,Tây Ninh,Huyện Gò Dầu,Xã Phước Trạch,"Đường Quốc Lộ 22M, Xã Phước Trạch, Huyện Gò Dầu, Tây Ninh",355 triệu,10/05/2021,200m²,Tây Nam,,,,Đã có sổ,Đăng nhập để xem,
45,Nhà,Cho thuê,Hồ Chí Minh,Quận Gò Vấp,Phường 4,"Nguyễn Thái Sơn, Phường 4, Quận Gò Vấp, Tp Hồ Chí Minh",20 triệu/tháng,10/05/2021,198m²,Đông Nam,,7,3,Đã có sổ,Đăng nhập để xem,
46,Nhà,Cần mua,Hồ Chí Minh,Quận 6,,,"5,43 triệu",10/05/2021,88m²,,,4,,,Đăng nhập để xem,
47,Đất,Cần bán,Quảng Nam,Thành phố Tam Kỳ,Phường Hòa Hương,"Hương Trà Đông, Phường Hòa Hương, Thành phố Tam Kỳ, Quảng Nam","2,5 triệu",10/05/2021,100.000m²,,,,,Đã có sổ,Đăng nhập để xem,
48,"Căn hộ, Chung cư",Cần bán,Hải Phòng,Huyện An Dương,Xã An Đồng,"Đường Máng Nước, Xã An Đồng, Huyện An Dương, Hải Phòng",770 triệu,10/05/2021,63m²,Tây,,2,2,Đang chờ sổ,Đăng nhập để xem,
49,Đất,Cần bán,Bình Phước,Huyện Đồng Phú,Xã Tân Tiến,"Đường ĐT753, Xã Tân Tiến, Huyện Đồng Phú, Bình Phước","1,8 tỷ",10/05/2021,1.250m²,,,,,Đã có sổ,Đăng nhập để xem,
50,Nhà,Cần bán,Đà Nẵng,Quận Thanh Khê,Phường Vĩnh Trung,"Đường Lê Duẩn, Phường Vĩnh Trung, Quận Thanh Khê, Đà Nẵng","2,2 tỷ",10/05/2021,47m²,,,2,,Đã có sổ,Đăng nhập để xem,
51,Nhà,Cần bán,Đà Nẵng,Quận Cẩm Lệ,Phường Hòa Thọ Tây,"29/xx, Đường Nguyễn Như Đãi, Phường Hòa Thọ Tây, Quận Cẩm Lệ, Đà Nẵng","1,45 tỷ",10/05/2021,90m²,Bắc,,3,1,Đã có sổ,Đăng nhập để xem,
52,Đất,Cần bán,Long An,Huyện Đức Hòa,Xã Mỹ Hạnh Nam,"Đường Nguyễn Văn Bứa, Xã Mỹ Hạnh Nam, Huyện Đức Hòa, Long An",550 triệu,10/05/2021,90m²,,,,,Đã có sổ,Đăng nhập để xem,
53,Nhà,Cần bán,Hồ Chí Minh,Quận 6,Phường 4,"Đường Phạm Văn Chí, Phường 4, Quận 6, Tp Hồ Chí Minh","9,5 tỷ",10/05/2021,120m²,,,2,2,Đã có sổ,Đăng nhập để xem,
54,Đất,Cần bán,Bà Rịa - Vũng Tàu,Thị xã Phú Mỹ,Xã Tân Hải,"Đường Quốc Lộ 51, Xã Tân Hải, Thị xã Phú Mỹ, Bà Rịa - Vũng Tàu","2,2 tỷ",10/05/2021,186m²,Đông,,,,Đã có sổ,Đăng nhập để xem,
55,Nhà,Cần bán,Hà Nội,Quận Hoàng Mai,Phường Định Công,"Đường Định Công Hạ, Phường Định Công, Quận Hoàng Mai, Hà Nội","4,2 tỷ",10/05/2021,60m²,,4,4,3,Đã có sổ,Đăng nhập để xem,
56,Nhà,Cần bán,Hồ Chí Minh,Quận Tân Bình,Phường 14,"Đường Đồng Đen, Phường 14, Quận Tân Bình, Tp Hồ Chí Minh","4,35 tỷ",10/05/2021,36m²,,,3,3,Đã có sổ,Đăng nhập để xem,
57,Đất,Cần bán,Thừa Thiên Huế,Huyện Quảng Điền,Xã Quảng Vinh,"Nguyễn Vịnh, Xã Quảng Vinh, Huyện Quảng Điền, Thừa Thiên Huế",480 triệu,10/05/2021,82m²,Tây Bắc,,,,Đã có sổ,Đăng nhập để xem,
58,Nhà,Cần bán,Hồ Chí Minh,Huyện Hóc Môn,Xã Bà Điểm,"PHAN VĂN HỚN, Xã Bà Điểm, Huyện Hóc Môn, Tp Hồ Chí Minh",790 triệu,10/05/2021,80m²,,,2,1,Đã có sổ,Đăng nhập để xem,
59,"Căn hộ, Chung cư",Cho thuê,Hồ Chí Minh,Quận 8,Phường 6,"số 1A, số 1A Đường Tạ Quang Bửu, Phường 6, Quận 8, Tp Hồ Chí Minh",8 triệu/tháng,10/05/2021,85m²,,,2,2,Đang chờ sổ,Đăng nhập để xem,
60,Đất,Cần bán,Đồng Nai,Huyện Trảng Bom,Xã Sông Thao,"Đường Sông Thao Bau Ham, Xã Sông Thao, Huyện Trảng Bom, Đồng Nai",132 triệu,10/05/2021,115m²,,,,,,Đăng nhập để xem,
61,Đất,Cần bán,Tây Ninh,Huyện Châu Thành,Xã Phước Vinh,"Đường 781, Xã Phước Vinh, Huyện Châu Thành, Tây Ninh",580.000 đ,10/05/2021,1.000m²,Đông Bắc,,,,Đã có sổ,Đăng nhập để xem,
62,Nhà,Cần bán,Hồ Chí Minh,Quận Gò Vấp,Phường 9,"Đường Số 9, Phường 9, Quận Gò Vấp, Tp Hồ Chí Minh","4,7 tỷ",10/05/2021,56m²,Tây Bắc,1,3,3,Đã có sổ,Đăng nhập để xem,
63,"Căn hộ, Chung cư",Cần bán,Hồ Chí Minh,Quận Thủ Đức,Phường Linh Tây,"Phạm Văn Đồng, Phường Linh Tây, Quận Thủ Đức, Tp Hồ Chí Minh","1,55 tỷ",10/05/2021,59m²,Nam,,2,2,Đã có sổ,Đăng nhập để xem,
64,Nhà,Cần mua,Hồ Chí Minh,Quận 10,,,5 tỷ,10/05/2021,80m²,,,1,,,Đăng nhập để xem,
65,Đất,Cần bán,Đồng Nai,Thành phố Biên Hòa,Phường Thống Nhất,"Đường N3, Phường Thống Nhất, Thành phố Biên Hòa, Đồng Nai","1,55 tỷ",10/05/2021,84m²,,,,,Đã có sổ,Đăng nhập để xem,
66,"Căn hộ, Chung cư",Cho thuê,Hồ Chí Minh,Quận 7,Phường Bình Thuận,"528, 528 Đường Huỳnh Tấn Phát, Phường Bình Thuận, Quận 7, Tp Hồ Chí Minh",10 triệu/tháng,10/05/2021,65m²,,,2,2,,Đăng nhập để xem,
67,Nhà,Cho thuê,Hồ Chí Minh,Quận 10,Phường 12,"391/7, sư vạn hạnh, Phường 12, Quận 10, Tp Hồ Chí Minh",23 triệu/tháng,10/05/2021,80m²,Bắc,2,2,2,Đã có sổ,Đăng nhập để xem,
68,Nhà,Cho thuê,Hồ Chí Minh,Quận Tân Bình,Phường 13,"39A, Lê Tấn Quốc, Phường 13, Quận Tân Bình, Tp Hồ Chí Minh","16,5 triệu/tháng",10/05/2021,88m²,,,4,3,,Đăng nhập để xem,
69,Đất,Cần bán,Hồ Chí Minh,Quận Thủ Đức,Phường Tam Bình,"Đường Gò Dưa, Phường Tam Bình, Quận Thủ Đức, Tp Hồ Chí Minh","9,9 tỷ",10/05/2021,87m²,,,,,Đã có sổ,Đăng nhập để xem,
70,Đất,Cần bán,Hồ Chí Minh,Huyện Bình Chánh,Xã Tân Quý Tây,"Đường 234, Xã Tân Quý Tây, Huyện Bình Chánh, Tp Hồ Chí Minh",16 tỷ,10/05/2021,1.600m²,,,,,Đã có sổ,Đăng nhập để xem,
71,Đất,Cần bán,Hồ Chí Minh,Huyện Củ Chi,Xã Phước Thạnh,"Đường 22, Xã Phước Thạnh, Huyện Củ Chi, Tp Hồ Chí Minh","2,9 tỷ",10/05/2021,200m²,,,,,Đã có sổ,Đăng nhập để xem,
72,Nhà,Cho thuê,Hồ Chí Minh,Quận Thủ Đức,Phường Hiệp Bình Phước,"Quốc Lộ 13, Phường Hiệp Bình Phước, Quận Thủ Đức, Tp Hồ Chí Minh",13 triệu/tháng,10/05/2021,189m²,,1,2,1,Đã có sổ,Đăng nhập để xem,
73,Đất,Cần bán,Đắk Lắk,Thành phố Buôn Ma Thuột,Xã Ea Tu,"vành đai 14-26, Xã Ea Tu, Thành phố Buôn Ma Thuột, Đắk Lắk","1,55 tỷ",10/05/2021,422m²,Nam,,,,Đã có sổ,Đăng nhập để xem,
74,"Căn hộ, Chung cư",Cho thuê,Hồ Chí Minh,Quận Bình Thạnh,Phường 13,"nguyễn xí, Phường 13, Quận Bình Thạnh, Tp Hồ Chí Minh","5,5 triệu/tháng",10/05/2021,30m²,,,1,1,,Đăng nhập để xem,
75,Nhà,Cho thuê,Bình Dương,Thị xã Dĩ An,Phường Tân Đông Hiệp,"Gần Bệnh viện Dĩ An, Phường Tân Đông Hiệp, Thị xã Dĩ An, Bình Dương",3 triệu/tháng,10/05/2021,45m²,,,2,2,,Đăng nhập để xem,
76,Nhà,Cần bán,Hà Nội,Quận Ba Đình,Phường Liễu Giai,"Đường Văn Cao, Phường Liễu Giai, Quận Ba Đình, Hà Nội","3,4 tỷ",10/05/2021,29m²,,,3,,,Đăng nhập để xem,
77,Nhà,Cho thuê,Hồ Chí Minh,Quận Tân Bình,Phường 8,"Đường Lạc Long Quân, Phường 8, Quận Tân Bình, Tp Hồ Chí Minh",13 triệu/tháng,10/05/2021,100m²,,,1,1,,Đăng nhập để xem,
78,"Căn hộ, Chung cư",Cho thuê,Bình Định,Thành phố Qui Nhơn,Phường Nguyễn Văn Cừ,"Đường Nguyễn Thái Học, Phường Nguyễn Văn Cừ, Thành phố Qui Nhơn, Bình Định",8 triệu/tháng,10/05/2021,65m²,,,2,2,Đã có sổ,Đăng nhập để xem,
79,Đất,Cần bán,Cần Thơ,Quận Cái Răng,Phường Phú Thứ,"Đường Võ Nguyên Giáp, Phường Phú Thứ, Quận Cái Răng, Cần Thơ","7,9 tỷ",10/05/2021,222m²,,,,,Đã có sổ,Đăng nhập để xem,
80,"Căn hộ, Chung cư",Cho thuê,Hồ Chí Minh,Quận Phú Nhuận,Phường 10,"Đường Lê Văn Sỹ, Phường 10, Quận Phú Nhuận, Tp Hồ Chí Minh",7 triệu/tháng,10/05/2021,45m²,,,1,1,Đã có sổ,Đăng nhập để xem,
81,"Căn hộ, Chung cư",Cho thuê,Hồ Chí Minh,Quận 7,Phường Bình Thuận,"142/38, Đường Nguyễn Thị Thập, Phường Bình Thuận, Quận 7, Tp Hồ Chí Minh",400 triệu/tháng,10/05/2021,80m²,,,,,Giấy tờ khác,Đăng nhập để xem,
82,"Căn hộ, Chung cư",Cho thuê,Hồ Chí Minh,Quận Tân Phú,Phường Hiệp Tân,"239 – 241 – 278, 239 – 241 – 278  Đường Hòa Bình, Phường Hiệp Tân, Quận Tân Phú, Tp Hồ Chí Minh",15 triệu/tháng,10/05/2021,91m²,,,3,2,,Đăng nhập để xem,
83,Nhà,Cho thuê,Hồ Chí Minh,Quận Tân Phú,Phường Tân Thành,"Đường Vườn Lài, Phường Tân Thành, Quận Tân Phú, Tp Hồ Chí Minh",12 triệu/tháng,10/05/2021,75m²,,,2,2,Đang chờ sổ,Đăng nhập để xem,
84,"Căn hộ, Chung cư",Cần bán,Bình Dương,Thành phố Thuận An,Phường Thuận Giao,"Đường Đại Lộ Bình Dương, Phường Thuận Giao, Thành phố Thuận An, Bình Dương","1,8 tỷ",10/05/2021,52m²,,,1,1,Đang chờ sổ,Đăng nhập để xem,
85,Nhà,Cần bán,Hồ Chí Minh,Quận 1,Phường Bến Nghé,"63A, Đường Nam Kỳ Khởi Nghĩa, Phường Bến Nghé, Quận 1, Tp Hồ Chí Minh","4,5 tỷ",10/05/2021,90m²,,,4,4,Đang chờ sổ,Đăng nhập để xem,
86,Nhà,Cho thuê,Hồ Chí Minh,Quận Thủ Đức,Phường Bình Chiểu,"Ngô Chí Quốc, Phường Bình Chiểu, Quận Thủ Đức, Tp Hồ Chí Minh",8 triệu/tháng,10/05/2021,50m²,,,4,3,,Đăng nhập để xem,
87,"Căn hộ, Chung cư",Cho thuê,Hồ Chí Minh,Quận Tân Phú,Phường Hiệp Tân,"239 – 241 – 278, 239 – 241 – 278  Đường Hòa Bình, Phường Hiệp Tân, Quận Tân Phú, Tp Hồ Chí Minh",12 triệu/tháng,10/05/2021,65m²,,,2,2,Đang chờ sổ,Đăng nhập để xem,
88,Đất,Cần bán,Bắc Ninh,Huyện Quế Võ,Xã Việt Hùng,"Đường Quốc lộ 18, Xã Việt Hùng, Huyện Quế Võ, Bắc Ninh",120 tỷ,10/05/2021,55.000m²,,,,,,Đăng nhập để xem,
89,Đất,Cần bán,Hồ Chí Minh,Huyện Hóc Môn,Xã Tân Thới Nhì,"Dương Công Khi, Xã Tân Thới Nhì, Huyện Hóc Môn, Tp Hồ Chí Minh",900 triệu,10/05/2021,120m²,,,,,Đã có sổ,Đăng nhập để xem,
90,Đất,Cần bán,Đồng Nai,Huyện Trảng Bom,Xã An Viễn,"Đường Phùng Hưng, Xã An Viễn, Huyện Trảng Bom, Đồng Nai","1,8 tỷ",10/05/2021,100m²,Đông Nam,,,,Đã có sổ,Đăng nhập để xem,
91,Đất,Cần bán,Đồng Nai,Huyện Long Thành,Xã Bình Sơn,"Đường ĐT 769, Xã Bình Sơn, Huyện Long Thành, Đồng Nai",670 triệu,10/05/2021,115m²,,,,,Đã có sổ,Đăng nhập để xem,
92,"Căn hộ, Chung cư",Cần thuê,Hồ Chí Minh,Quận 8,Phường 4,"Đường Cao Lỗ, Phường 4, Quận 8, Tp Hồ Chí Minh",5 triệu/tháng,10/05/2021,60m²,,,2,,,Đăng nhập để xem,
93,"Căn hộ, Chung cư",Cần bán,Hồ Chí Minh,Quận 8,Phường 16,"192, Đường Phạm Đức Sơn, Phường 16, Quận 8, Tp Hồ Chí Minh","1,55 tỷ",10/05/2021,51m²,,,1,1,Đang chờ sổ,Đăng nhập để xem,
94,Đất,Cần bán,Tây Ninh,Huyện Gò Dầu,Xã Phước Trạch,"Đường Quốc Lộ 22M, Xã Phước Trạch, Huyện Gò Dầu, Tây Ninh",355 triệu,10/05/2021,200m²,Tây Nam,,,,Đã có sổ,Đăng nhập để xem,
95,Nhà,Cho thuê,Hồ Chí Minh,Quận Gò Vấp,Phường 4,"Nguyễn Thái Sơn, Phường 4, Quận Gò Vấp, Tp Hồ Chí Minh",20 triệu/tháng,10/05/2021,198m²,Đông Nam,,7,3,Đã có sổ,Đăng nhập để xem,
96,Nhà,Cần mua,Hồ Chí Minh,Quận 6,,,"5,43 triệu",10/05/2021,88m²,,,4,,,Đăng nhập để xem,
97,Đất,Cần bán,Quảng Nam,Thành phố Tam Kỳ,Phường Hòa Hương,"Hương Trà Đông, Phường Hòa Hương, Thành phố Tam Kỳ, Quảng Nam","2,5 triệu",10/05/2021,100.000m²,,,,,Đã có sổ,Đăng nhập để xem,
98,"Căn hộ, Chung cư",Cần bán,Hải Phòng,Huyện An Dương,Xã An Đồng,"Đường Máng Nước, Xã An Đồng, Huyện An Dương, Hải Phòng",770 triệu,10/05/2021,63m²,Tây,,2,2,Đang chờ sổ,Đăng nhập để xem,
99,Đất,Cần bán,Bình Phước,Huyện Đồng Phú,Xã Tân Tiến,"Đường ĐT753, Xã Tân Tiến, Huyện Đồng Phú, Bình Phước","1,8 tỷ",10/05/2021,1.250m²,,,,,Đã có sổ,Đăng nhập để xem,
100,Đất,Cần bán,Hà Nội,Quận Hà Đông,Phường Yên Nghĩa,"Đường Yên Lộ, Phường Yên Nghĩa, Quận Hà Đông, Hà Nội","4,25 tỷ",10/05/2021,53m²,,,,,Đã có sổ,Đăng nhập để xem,
101,Nhà,Cho thuê,Hồ Chí Minh,Quận Bình Thạnh,Phường 26,"xô viết nghệ tĩnh, Phường 26, Quận Bình Thạnh, Tp Hồ Chí Minh",10 triệu/tháng,10/05/2021,40m²,,,4,3,,Đăng nhập để xem,
102,"Căn hộ, Chung cư",Cho thuê,Hồ Chí Minh,Quận 8,Phường 6,"Đường Tạ Quang Bửu, Phường 6, Quận 8, Tp Hồ Chí Minh",10 triệu/tháng,10/05/2021,68m²,,,2,2,Đã có sổ,Đăng nhập để xem,
103,"Căn hộ, Chung cư",Cần bán,Bình Dương,Thành phố Thuận An,Phường Lái Thiêu,"Đường Quốc Lộ 13, Phường Lái Thiêu, Thành phố Thuận An, Bình Dương","2,2 tỷ",10/05/2021,86m²,Tây,,3,2,Đang chờ sổ,Đăng nhập để xem,
104,"Căn hộ, Chung cư",Cần bán,Hồ Chí Minh,Quận Thủ Đức,Phường Trường Thọ,"Đường số 1, Phường Trường Thọ, Quận Thủ Đức, Tp Hồ Chí Minh","2,8 tỷ",10/05/2021,67m²,,,2,2,,Đăng nhập để xem,
105,Nhà,Cần bán,Hồ Chí Minh,Quận Bình Tân,Phường Bình Trị Đông,"ĐẤT MỚI, Phường Bình Trị Đông, Quận Bình Tân, Tp Hồ Chí Minh","3,4 tỷ",10/05/2021,67m²,,,2,2,,Đăng nhập để xem,
106,Đất,Cần bán,Long An,Huyện Đức Hòa,Xã Tân Mỹ,"Tĩnh Lộ 7, Xã Tân Mỹ, Huyện Đức Hòa, Long An",600 triệu,10/05/2021,100m²,,,,,Đã có sổ,Đăng nhập để xem,
107,Đất,Cần bán,Bình Thuận,Huyện Bắc Bình,Thị trấn Chợ Lầu,"Đường liên xã, Thị trấn Chợ Lầu, Huyện Bắc Bình, Bình Thuận",557 triệu,10/05/2021,4.648m²,,,,,Đã có sổ,Đăng nhập để xem,
108,Đất,Cần bán,Cần Thơ,Quận Cái Răng,Phường Phú Thứ,"Nam Sông Hậu, Phường Phú Thứ, Quận Cái Răng, Cần Thơ",705 triệu,10/05/2021,80m²,,,,,Đã có sổ,Đăng nhập để xem,
109,Đất,Cần bán,Bà Rịa - Vũng Tàu,Thị xã Phú Mỹ,Phường Hắc Dịch,"đường 13, Phường Hắc Dịch, Thị xã Phú Mỹ, Bà Rịa - Vũng Tàu","1,69 tỷ",10/05/2021,400m²,,,,,Đã có sổ,Đăng nhập để xem,
110,"Căn hộ, Chung cư",Cần bán,Hồ Chí Minh,Quận 8,Phường 6,"Đường Tạ Quang Bửu, Phường 6, Quận 8, Tp Hồ Chí Minh","2,35 tỷ",10/05/2021,60m²,,,2,,,Đăng nhập để xem,
111,Nhà,Cần bán,Vĩnh Long,Huyện Long Hồ,Xã Lộc Hòa,"Trạm cân Lộc Hoà, Đường Quốc lộ 1A, Xã Lộc Hòa, Huyện Long Hồ, Vĩnh Long","1,1 tỷ",10/05/2021,100m²,,,2,1,,Đăng nhập để xem,
112,Nhà,Cần bán,Hồ Chí Minh,Quận 6,Phường 10,"Đường Lý Chiêu Hoàng, Phường 10, Quận 6, Tp Hồ Chí Minh",13 tỷ,10/05/2021,108m²,Nam,,2,1,Đã có sổ,Đăng nhập để xem,
113,"Căn hộ, Chung cư",Cần bán,Hồ Chí Minh,Quận 9,Phường Long Thạnh Mỹ,"Đường Nguyễn Xiển, Phường Long Thạnh Mỹ, Quận 9, Tp Hồ Chí Minh","1,99 tỷ",10/05/2021,59m²,,,2,1,,Đăng nhập để xem,
114,Đất,Cần bán,Bình Phước,Huyện Đồng Phú,Thị trấn Tân Phú,"Đường Nguyễn Văn Linh||16742, Thị trấn Tân Phú, Huyện Đồng Phú, Bình Phước",1 tỷ,10/05/2021,175m²,,,,,,Đăng nhập để xem,
115,Nhà,Cho thuê,Hồ Chí Minh,Huyện Củ Chi,Xã Phú Hòa Đông,"Đường Tỉnh lộ 15, Xã Phú Hòa Đông, Huyện Củ Chi, Tp Hồ Chí Minh",9 triệu/tháng,10/05/2021,320m²,Tây,,2,2,Đã có sổ,Đăng nhập để xem,
116,Đất,Cần bán,Đồng Nai,Huyện Xuân Lộc,Xã Bảo Hoà,"Đường Quốc lộ 1A, Xã Bảo Hoà, Huyện Xuân Lộc, Đồng Nai","1,68 tỷ",10/05/2021,2.723m²,,,,,Đã có sổ,Đăng nhập để xem,
117,Đất,Cần bán,Đồng Nai,Huyện Vĩnh Cửu,Xã Vĩnh Tân,"Thửa đất 346, Tờ bản đồ số 32, Khu Du Lịch Cao Minh, Xã Vĩnh Tân, Huyện Vĩnh Cửu, Đồng Nai",180 triệu,10/05/2021,105m²,,,,,Đã có sổ,Đăng nhập để xem,
118,Nhà,Cần bán,Hồ Chí Minh,Quận Gò Vấp,Phường 8,"Nguyễn Văn Khối, Phường 8, Quận Gò Vấp, Tp Hồ Chí Minh","6,25 tỷ",10/05/2021,50m²,,4,3,4,Đã có sổ,Đăng nhập để xem,
119,"Căn hộ, Chung cư",Cho thuê,Hồ Chí Minh,Quận Bình Thạnh,Phường 22,"208, 208 Đường Nguyễn Hữu Cảnh, Phường 22, Quận Bình Thạnh, Tp Hồ Chí Minh",23 triệu/tháng,10/05/2021,115m²,Đông Bắc,,3,2,Đã có sổ,Đăng nhập để xem,
120,Đất,Cần bán,Hồ Chí Minh,Quận 12,Phường Thạnh Xuân,"Thạnh Xuân 52, Phường Thạnh Xuân, Quận 12, Tp Hồ Chí Minh","7,2 tỷ",10/05/2021,450m²,Tây Bắc,,,,Đã có sổ,Đăng nhập để xem,
121,Nhà,Cần bán,Hồ Chí Minh,Quận Thủ Đức,Phường Hiệp Bình Phước,"1, Đường Quốc Lộ 13, Phường Hiệp Bình Phước, Quận Thủ Đức, Tp Hồ Chí Minh","7,6 tỷ",10/05/2021,55m²,,5,5,5,Đã có sổ,Đăng nhập để xem,
122,"Căn hộ, Chung cư",Cho thuê,Hồ Chí Minh,Quận 1,Phường Tân Định,"214, Đường Trần Quang Khải, Phường Tân Định, Quận 1, Tp Hồ Chí Minh",17 triệu/tháng,10/05/2021,105m²,,,2,2,Đã có sổ,Đăng nhập để xem,
123,Đất,Cần bán,Đà Nẵng,Quận Liên Chiểu,Phường Hòa Khánh Bắc,"Đường Bàu Mạc 8, Phường Hòa Khánh Bắc, Quận Liên Chiểu, Đà Nẵng","2,95 tỷ",10/05/2021,110m²,Tây Bắc,,,,,Đăng nhập để xem,
124,Nhà,Cần bán,Đắk Lắk,Thành phố Buôn Ma Thuột,Phường Thắng Lợi,"Đường Trần Hữu Trang, Phường Thắng Lợi, Thành phố Buôn Ma Thuột, Đắk Lắk",7 tỷ,10/05/2021,75m²,Đông Bắc,,3,4,,Đăng nhập để xem,
125,"Căn hộ, Chung cư",Cần bán,Hà Nội,Huyện Gia Lâm,Thị trấn Trâu Quỳ,"Đường Quốc Lộ 5, Thị trấn Trâu Quỳ, Huyện Gia Lâm, Hà Nội","1,84 tỷ",10/05/2021,70m²,Đông Bắc,,2,2,Đã có sổ,Đăng nhập để xem,
126,Nhà,Cho thuê,Hồ Chí Minh,Quận Tân Bình,Phường 4,"Đường Út Tịch, Phường 4, Quận Tân Bình, Tp Hồ Chí Minh",24 triệu/tháng,10/05/2021,56m²,,,3,3,,Đăng nhập để xem,
127,Đất,Cần bán,Hồ Chí Minh,Quận Bình Tân,Phường Bình Trị Đông B,"Đường 13B, Phường Bình Trị Đông B, Quận Bình Tân, Tp Hồ Chí Minh","9,5 tỷ",10/05/2021,100m²,Bắc,,,,,Đăng nhập để xem,
128,Nhà,Cần bán,Hồ Chí Minh,Quận Tân Bình,Phường 13,"Đường Đồng Xoài, Phường 13, Quận Tân Bình, Tp Hồ Chí Minh","10,6 tỷ",10/05/2021,109m²,Đông Nam,2,4,5,Đã có sổ,Đăng nhập để xem,
129,"Căn hộ, Chung cư",Cho thuê,Hồ Chí Minh,Quận 2,Phường An Phú,"KĐT City Horse Đường Mai Chí Thọ, Phường An Phú, Quận 2, Tp Hồ Chí Minh",9 triệu/tháng,10/05/2021,50m²,,,1,1,,Đăng nhập để xem,
130,"Căn hộ, Chung cư",Cho thuê,Hồ Chí Minh,Quận 2,Phường An Phú,"Số 628, Số 628 Đường Xa Lộ Hà Nội, Phường An Phú, Quận 2, Tp Hồ Chí Minh",20 triệu/tháng,10/05/2021,101m²,,,2,2,,Đăng nhập để xem,
131,"Căn hộ, Chung cư",Cần bán,Hồ Chí Minh,Quận 2,Phường An Phú,"Số 628, Số 628 Đường Xa Lộ Hà Nội, Phường An Phú, Quận 2, Tp Hồ Chí Minh","5,2 tỷ",10/05/2021,108m²,,,2,2,,Đăng nhập để xem,
132,Đất,Cần bán,Bà Rịa - Vũng Tàu,Thị xã Phú Mỹ,Xã Sông Xoài,"cầu ri, Xã Sông Xoài, Thị xã Phú Mỹ, Bà Rịa - Vũng Tàu","1,18 tỷ",10/05/2021,160m²,,,,,Đã có sổ,Đăng nhập để xem,
133,Nhà,Cho thuê,Hồ Chí Minh,Quận Thủ Đức,Phường Bình Chiểu,"Đường Ngô Chí Quốc, Phường Bình Chiểu, Quận Thủ Đức, Tp Hồ Chí Minh","1,2 tỷ/tháng",10/05/2021,54m²,,,2,2,Đã có sổ,Đăng nhập để xem,
134,"Căn hộ, Chung cư",Cần bán,Hồ Chí Minh,Quận 9,Phường Long Thạnh Mỹ,"Đường Nguyễn Xiển, Phường Long Thạnh Mỹ, Quận 9, Tp Hồ Chí Minh","1,71 tỷ",10/05/2021,47m²,,,2,1,,Đăng nhập để xem,
135,Nhà,Cho thuê,Đà Nẵng,Quận Hải Châu,Phường Thạch Thang,"Đường Lý Thường Kiệt, Phường Thạch Thang, Quận Hải Châu, Đà Nẵng",8 triệu/tháng,10/05/2021,120m²,,,1,1,Đã có sổ,Đăng nhập để xem,
136,Nhà,Cho thuê,Hồ Chí Minh,Quận 7,Phường Tân Phong,"Đường Lê Văn Lương, Phường Tân Phong, Quận 7, Tp Hồ Chí Minh",25 triệu/tháng,10/05/2021,80m²,,,1,1,Đã có sổ,Đăng nhập để xem,
137,Đất,Cần bán,Lâm Đồng,Thành phố Bảo Lộc,Phường Lộc Sơn,"Đường Quốc Lộ 20, Phường Lộc Sơn, Thành phố Bảo Lộc, Lâm Đồng",800 triệu,10/05/2021,240m²,,,,,Đã có sổ,Đăng nhập để xem,
138,Nhà,Cần bán,Hồ Chí Minh,Quận Thủ Đức,Phường Linh Xuân,"Đuong 11, Phường Linh Xuân, Quận Thủ Đức, Tp Hồ Chí Minh",790 triệu,10/05/2021,22m²,,,1,1,Giấy tờ khác,Đăng nhập để xem,
139,"Căn hộ, Chung cư",Cần bán,Hồ Chí Minh,Quận Thủ Đức,Phường Trường Thọ,"Đường Số 2, Phường Trường Thọ, Quận Thủ Đức, Tp Hồ Chí Minh","1,6 tỷ",10/05/2021,60m²,,,2,2,,Đăng nhập để xem,
140,Đất,Cần bán,Bình Dương,Thị xã Dĩ An,Phường Tân Đông Hiệp,"Đường Lê Hồng Phong, Phường Tân Đông Hiệp, Thị xã Dĩ An, Bình Dương","2,5 tỷ",10/05/2021,104m²,Đông Bắc,,,,Đã có sổ,Đăng nhập để xem,
141,"Căn hộ, Chung cư",Cho thuê,Hồ Chí Minh,Quận 10,Phường 14,"Đường Thành Thái, Phường 14, Quận 10, Tp Hồ Chí Minh",8 triệu/tháng,10/05/2021,120m²,Tây,,1,1,Đã có sổ,Đăng nhập để xem,
142,Nhà,Cần bán,Hồ Chí Minh,Quận 9,Phường Tân Phú,"Đường Cầu Xây, Phường Tân Phú, Quận 9, Tp Hồ Chí Minh","4,3 tỷ",10/05/2021,93m²,,,5,2,Đã có sổ,Đăng nhập để xem,
143,Nhà,Cho thuê,Hồ Chí Minh,Huyện Nhà Bè,Xã Phước Kiển,"1237, Đường Lê Văn Lương, Xã Phước Kiển, Huyện Nhà Bè, Tp Hồ Chí Minh",20 triệu/tháng,10/05/2021,150m²,Tây,,2,1,Đã có sổ,Đăng nhập để xem,
144,Nhà,Cần bán,Hồ Chí Minh,Quận 12,Phường Thạnh Xuân,"Tx49, Phường Thạnh Xuân, Quận 12, Tp Hồ Chí Minh","3,05 tỷ",10/05/2021,49m²,,,3,3,,Đăng nhập để xem,
145,Đất,Cần bán,Hồ Chí Minh,Quận 12,Phường Thạnh Xuân,"TX 25, Phường Thạnh Xuân, Quận 12, Tp Hồ Chí Minh","3,15 tỷ",10/05/2021,85m²,,,,,,Đăng nhập để xem,
146,Nhà,Cần bán,Hồ Chí Minh,Quận 10,Phường 15,"Đường Tô Hiến Thành, Phường 15, Quận 10, Tp Hồ Chí Minh","13,8 tỷ",10/05/2021,80m²,,,4,6,Đã có sổ,Đăng nhập để xem,
147,Nhà,Cho thuê,Hồ Chí Minh,Quận Bình Tân,Phường Bình Trị Đông B,"02-04, Đường Số 19, Phường Bình Trị Đông B, Quận Bình Tân, Tp Hồ Chí Minh",50 triệu/tháng,10/05/2021,180m²,Nam,,,,Đã có sổ,Đăng nhập để xem,
148,Đất,Cần bán,Cần Thơ,Huyện Vĩnh Thạnh,Xã Vĩnh Bình,"225, Đường Quốc lộ 80 Vào  Khoản  Km, Xã Vĩnh Bình, Huyện Vĩnh Thạnh, Cần Thơ",980 triệu,10/05/2021,1.458m²,,,,,Đã có sổ,Đăng nhập để xem,
149,Nhà,Cho thuê,Hồ Chí Minh,Quận 10,Phường 12,"Đường 3/2, Phường 12, Quận 10, Tp Hồ Chí Minh",21 tỷ/tháng,10/05/2021,108m²,,3,5,4,Đã có sổ,Đăng nhập để xem,
150,"Căn hộ, Chung cư",Cho thuê,Hồ Chí Minh,Quận 3,Phường 5,"Đường Cao Thắng, Phường 5, Quận 3, Tp Hồ Chí Minh","6,5 triệu/tháng",10/05/2021,40m²,,,1,1,,Đăng nhập để xem,
151,"Căn hộ, Chung cư",Cho thuê,Hồ Chí Minh,Quận 9,Phường Tân Phú,"Đường 154, Phường Tân Phú, Quận 9, Tp Hồ Chí Minh","4,5 triệu/tháng",10/05/2021,62m²,,,2,1,Đang chờ sổ,Đăng nhập để xem,
152,Đất,Cần bán,Tiền Giang,Huyện Châu Thành,Xã Tam Hiệp,"Cao Tốc 01, Xã Tam Hiệp, Huyện Châu Thành, Tiền Giang",600 triệu,10/05/2021,1.000m²,,,,,Đã có sổ,Đăng nhập để xem,
153,Nhà,Cần bán,Hồ Chí Minh,Quận 12,Phường Thạnh Lộc,"Đường Thạnh Lộc 40, Phường Thạnh Lộc, Quận 12, Tp Hồ Chí Minh",660 triệu,10/05/2021,15m²,,2,1,1,Giấy tờ khác,Đăng nhập để xem,
154,"Căn hộ, Chung cư",Cho thuê,Hồ Chí Minh,Quận Bình Thạnh,Phường 22,"Đường Quốc Lộ 13, Phường 22, Quận Bình Thạnh, Tp Hồ Chí Minh","6,5 triệu/tháng",10/05/2021,30m²,,,1,1,Đã có sổ,Đăng nhập để xem,
155,"Căn hộ, Chung cư",Cần bán,Hà Nội,Quận Nam Từ Liêm,Phường Mỹ Đình 2,"Đường Lê Đức Thọ, Phường Mỹ Đình 2, Quận Nam Từ Liêm, Hà Nội","3,5 tỷ",10/05/2021,120m²,,,3,,,Đăng nhập để xem,
156,Đất,Cần bán,Lâm Đồng,Huyện Đức Trọng,Xã Tân Thành,"Sau ubnd xã Tân Thành, Đường Nguyễn Văn Siêu, Xã Tân Thành, Huyện Đức Trọng, Lâm Đồng",550 triệu,10/05/2021,1.316m²,,,,,Đã có sổ,Đăng nhập để xem,
157,"Căn hộ, Chung cư",Cho thuê,Đà Nẵng,Quận Hải Châu,Phường Phước Ninh,"Đường Phan Châu Trinh, Phường Phước Ninh, Quận Hải Châu, Đà Nẵng",5 triệu/tháng,10/05/2021,40m²,,,1,,,Đăng nhập để xem,
158,Nhà,Cho thuê,Hồ Chí Minh,Quận Gò Vấp,Phường 3,"37, Đường Lê Lai, Phường 3, Quận Gò Vấp, Tp Hồ Chí Minh",10 triệu/tháng,10/05/2021,44m²,,,2,2,,Đăng nhập để xem,
159,Đất,Cần bán,Bình Dương,Thị xã Dĩ An,Phường Tân Đông Hiệp,"Đường Nguyễn Thị Chạy, Phường Tân Đông Hiệp, Thị xã Dĩ An, Bình Dương",850 triệu,10/05/2021,80m²,,,,,Đã có sổ,Đăng nhập để xem,
160,Đất,Cần bán,Đồng Nai,Huyện Long Thành,Xã Long Đức,"Đường quốc lộ 51 xã Long Đức, huyện Long Thành, tỉnh Đồng Nai., Xã Long Đức, Huyện Long Thành, Đồng Nai","2,3 tỷ",10/05/2021,100m²,,,,,Đã có sổ,Đăng nhập để xem,
161,Đất,Cần bán,Tây Ninh,Huyện Gò Dầu,Xã Phước Đông,"Đường 782, Xã Phước Đông, Huyện Gò Dầu, Tây Ninh","1,25 tỷ",10/05/2021,133m²,,,,,Đã có sổ,Đăng nhập để xem,
162,Đất,Cần bán,Hồ Chí Minh,Huyện Bình Chánh,Xã Vĩnh Lộc A,"B5/17, Đường Ấp 2, Xã Vĩnh Lộc A, Huyện Bình Chánh, Tp Hồ Chí Minh","378,8 triệu",10/05/2021,50m²,Tây Nam,,,,Giấy tờ khác,Đăng nhập để xem,
163,Nhà,Cần bán,Hồ Chí Minh,Quận 12,Phường Thạnh Lộc,"Đường Hà Huy Giáp, Phường Thạnh Lộc, Quận 12, Tp Hồ Chí Minh","1,17 tỷ",10/05/2021,100m²,,2,2,2,Đã có sổ,Đăng nhập để xem,
164,"Căn hộ, Chung cư",Cần bán,Hồ Chí Minh,Quận Tân Bình,Phường 3,"4A, Đường Đồng Xoài, Phường 3, Quận Tân Bình, Tp Hồ Chí Minh",8 triệu,10/05/2021,4m²,Đông,,2,2,Đã có sổ,Đăng nhập để xem,
165,Nhà,Cần bán,Sóc Trăng,Thành phố Sóc Trăng,Phường 4,"5A Đường Mạc Đĩnh Chi, Phường 4, thành phố Sóc Trăng, Sóc Trăng","3,74 tỷ",10/05/2021,110m²,Tây Bắc,,4,5,Đã có sổ,Đăng nhập để xem,
166,Nhà,Cần bán,Hồ Chí Minh,Quận 2,Phường Bình An,"Đường 12, Phường Bình An, Quận 2, Tp Hồ Chí Minh","4,5 tỷ",10/05/2021,49m²,Đông Bắc,,2,2,Đã có sổ,Đăng nhập để xem,
167,"Căn hộ, Chung cư",Cho thuê,Hồ Chí Minh,Quận Phú Nhuận,Phường 3,"Đường Phan Xích Long, Phường 3, Quận Phú Nhuận, Tp Hồ Chí Minh","5,5 triệu/tháng",10/05/2021,45m²,,,1,1,Đã có sổ,Đăng nhập để xem,
168,"Căn hộ, Chung cư",Cần bán,Hà Nội,Quận Cầu Giấy,Phường Trung Hoà,"Đường Nguyễn Thị Định, Phường Trung Hoà, Quận Cầu Giấy, Hà Nội","2,6 tỷ",10/05/2021,80m²,,,2,,,Đăng nhập để xem,
169,"Căn hộ, Chung cư",Cần bán,Hồ Chí Minh,Quận 12,Phường Tân Thới Nhất,"Đường Phan Văn Hớn, Phường Tân Thới Nhất, Quận 12, Tp Hồ Chí Minh","1,55 tỷ",10/05/2021,58m²,,,2,2,,Đăng nhập để xem,
170,"Căn hộ, Chung cư",Cần bán,Bình Dương,Thành phố Thuận An,Phường Thuận Giao,"Đường Thuận Giao 25, phường Thuận Giao, thành phố Thuận An, Bình Dương., Phường Thuận Giao, Thành phố Thuận An, Bình Dương",838 triệu,10/05/2021,56m²,Đông,,2,2,Đã có sổ,Đăng nhập để xem,
171,Nhà,Cần bán,Bình Dương,Thị xã Dĩ An,Phường Tân Đông Hiệp,"Đường Nguyễn Thị Chạy, Phường Tân Đông Hiệp, Thị xã Dĩ An, Bình Dương","1,35 tỷ",10/05/2021,40m²,,,2,2,Đang chờ sổ,Đăng nhập để xem,
172,Nhà,Cần bán,Hồ Chí Minh,Quận 6,Phường 8,"Đường Văn Thân, Phường 8, Quận 6, Tp Hồ Chí Minh","1,9 tỷ",10/05/2021,26m²,,2,2,2,Đã có sổ,Đăng nhập để xem,
173,Nhà,Cần bán,Hồ Chí Minh,Quận Gò Vấp,Phường 16,"Đường Thống Nhất, Phường 16, Quận Gò Vấp, Tp Hồ Chí Minh","7,65 tỷ",10/05/2021,60m²,Đông Nam,4,4,5,Đã có sổ,Đăng nhập để xem,
174,"Căn hộ, Chung cư",Cần bán,Hồ Chí Minh,Huyện Bình Chánh,Xã Bình Hưng,"Đường Nguyễn Văn Linh, Xã Bình Hưng, Huyện Bình Chánh, Tp Hồ Chí Minh","2,55 tỷ",10/05/2021,72m²,Tây,,2,2,Đang chờ sổ,Đăng nhập để xem,
175,Nhà,Cần bán,Hồ Chí Minh,Quận 4,Phường 12,"Đường Hoàng Diệu, Phường 12, Quận 4, Tp Hồ Chí Minh","1,7 tỷ",10/05/2021,93m²,,,2,2,Đã có sổ,Đăng nhập để xem,
176,"Căn hộ, Chung cư",Cần bán,Bình Dương,Thành phố Thuận An,Phường An Phú,"Đường Đại Lộ Bình Dương, Phường An Phú, Thành phố Thuận An, Bình Dương","1,5 tỷ",10/05/2021,46m²,Tây Bắc,,1,1,,Đăng nhập để xem,
177,Đất,Cần bán,Hồ Chí Minh,Huyện Hóc Môn,Xã Đông Thạnh,"Đường Ấp 4, Xã Đông Thạnh, Huyện Hóc Môn, Tp Hồ Chí Minh",850.000 đ,10/05/2021,100m²,,,,,Giấy tờ khác,Đăng nhập để xem,
178,Nhà,Cần bán,Bình Dương,Thị xã Tân Uyên,Phường Khánh Bình,"Đường ĐT 747||14964, Phường Khánh Bình, Thị xã Tân Uyên, Bình Dương",900 triệu,10/05/2021,120m²,,,3,2,,Đăng nhập để xem,
179,Nhà,Cần bán,Hồ Chí Minh,Quận Thủ Đức,Phường Linh Chiểu,"Đường Số 13, Phường Linh Chiểu, Quận Thủ Đức, Tp Hồ Chí Minh","1,62 tỷ",10/05/2021,58m²,,1,2,2,Đã có sổ,Đăng nhập để xem,
180,Nhà,Cần bán,Hồ Chí Minh,Quận Tân Phú,Phường Tân Quý,"Đường Độc Lập, Phường Tân Quý, Quận Tân Phú, Tp Hồ Chí Minh","5,25 tỷ",10/05/2021,64m²,,,2,2,Đã có sổ,Đăng nhập để xem,
181,"Căn hộ, Chung cư",Cho thuê,Hồ Chí Minh,Quận 8,Phường 6,"Đường Tạ Quang Bửu, Phường 6, Quận 8, Tp Hồ Chí Minh",10 triệu/tháng,10/05/2021,68m²,,,2,2,,Đăng nhập để xem,
182,Đất,Cần bán,Quảng Nam,Huyện Phú Ninh,Xã Tam Đàn,"Đường Quốc lộ 1A, Xã Tam Đàn, Huyện Phú Ninh, Quảng Nam",650 triệu,10/05/2021,100m²,,,,,,Đăng nhập để xem,
183,Nhà,Cần bán,Hồ Chí Minh,Quận Tân Bình,Phường 2,"Đường Yên Thế, Phường 2, Quận Tân Bình, Tp Hồ Chí Minh","10,5 tỷ",10/05/2021,58m²,,3,4,5,Đã có sổ,Đăng nhập để xem,
184,Nhà,Cần bán,Hồ Chí Minh,Quận Tân Bình,Phường 3,"Đường Phạm Văn Hai, Phường 3, Quận Tân Bình, Tp Hồ Chí Minh","3,15 tỷ",10/05/2021,49m²,,,2,2,Đã có sổ,Đăng nhập để xem,
185,Đất,Cần bán,Hồ Chí Minh,Huyện Nhà Bè,Xã Nhơn Đức,"745, Đường Nguyễn Bình, Xã Nhơn Đức, Huyện Nhà Bè, Tp Hồ Chí Minh","3,2 tỷ",10/05/2021,118m²,Nam,,,,Đã có sổ,Đăng nhập để xem,
186,Nhà,Cần bán,Hà Nội,Quận Thanh Xuân,Phường Khương Đình,"Đường Khương Đình, Phường Khương Đình, Quận Thanh Xuân, Hà Nội","2,4 tỷ",10/05/2021,40m²,,,4,3,Đã có sổ,Đăng nhập để xem,
187,Đất,Cần bán,Hồ Chí Minh,Quận 2,Phường Thảo Điền,"Đường Số 14, Phường Thảo Điền, Quận 2, Tp Hồ Chí Minh",350 triệu,10/05/2021,1.100m²,,,,,Đã có sổ,Đăng nhập để xem,
188,Nhà,Cần bán,Hồ Chí Minh,Quận Tân Phú,Phường Phú Thạnh,"Đường Văn Cao, Phường Phú Thạnh, Quận Tân Phú, Tp Hồ Chí Minh","2,3 tỷ",10/05/2021,23m²,,2,1,2,Đã có sổ,Đăng nhập để xem,
189,Đất,Cần bán,Hồ Chí Minh,Huyện Bình Chánh,Xã Phạm Văn Hai,"Đường Trần Văn Giàu||8992, Xã Phạm Văn Hai, Huyện Bình Chánh, Tp Hồ Chí Minh","1,7 tỷ",10/05/2021,100m²,,,,,Đã có sổ,Đăng nhập để xem,
190,Nhà,Cho thuê,Hồ Chí Minh,Quận Thủ Đức,Phường Tam Phú,"Đường Số 4||8312, Phường Tam Phú, Quận Thủ Đức, Tp Hồ Chí Minh",8 triệu/tháng,10/05/2021,64m²,Tây,,2,2,Đã có sổ,Đăng nhập để xem,
191,Nhà,Cho thuê,Hồ Chí Minh,Quận Tân Bình,Phường 14,"Đường Bàu Cát 1, Phường 14, Quận Tân Bình, Tp Hồ Chí Minh",19 triệu/tháng,10/05/2021,80m²,,,5,5,,Đăng nhập để xem,
192,Nhà,Cho thuê,Hồ Chí Minh,Quận 10,Phường 12,"Đường Sư Vạn Hạnh||5408, Phường 12, Quận 10, Tp Hồ Chí Minh",36 triệu/tháng,10/05/2021,100m²,,,6,,,Đăng nhập để xem,
193,Nhà,Cần bán,Hồ Chí Minh,Quận 12,Phường Thới An,"Đường Lê Văn Khương, Phường Thới An, Quận 12, Tp Hồ Chí Minh","3,25 tỷ",10/05/2021,50m²,Tây,,2,2,Đã có sổ,Đăng nhập để xem,
194,Nhà,Cần bán,Hồ Chí Minh,Huyện Bình Chánh,Xã Bình Hưng,"Đường 9A, Xã Bình Hưng, Huyện Bình Chánh, Tp Hồ Chí Minh",30 tỷ,10/05/2021,120m²,Tây,,5,5,Đã có sổ,Đăng nhập để xem,
195,Nhà,Cho thuê,Hà Nội,Quận Thanh Xuân,Phường Khương Mai,"Đường Lê Trọng Tấn, Phường Khương Mai, Quận Thanh Xuân, Hà Nội",250 triệu/tháng,10/05/2021,180m²,,,4,,,Đăng nhập để xem,
196,Nhà,Cần bán,Hồ Chí Minh,Quận 12,Phường Tân Thới Hiệp,"Đường Quốc lộ 1A, Phường Tân Thới Hiệp, Quận 12, Tp Hồ Chí Minh","3,1 tỷ",10/05/2021,49m²,,,4,3,Đã có sổ,Đăng nhập để xem,
197,Đất,Cần bán,Tây Ninh,Thành phố Tây Ninh,Phường 3,"Đường Nam Kỳ Khởi Nghĩa, Phường 3, Thành phố Tây Ninh, Tây Ninh","23,5 triệu",10/05/2021,170m²,,,,,Đã có sổ,Đăng nhập để xem,
198,"Căn hộ, Chung cư",Cho thuê,Hồ Chí Minh,Quận 7,Phường Tân Phong,"Đường Nguyễn Thị Thập, Phường Tân Phong, Quận 7, Tp Hồ Chí Minh","4,9 triệu/tháng",10/05/2021,28m²,,,1,1,Đã có sổ,Đăng nhập để xem,
199,Nhà,Cần bán,Hồ Chí Minh,Quận 12,Phường Tân Chánh Hiệp,"Đường Tân Chánh Hiệp||5902, Phường Tân Chánh Hiệp, Quận 12, Tp Hồ Chí Minh","2,7 tỷ",10/05/2021,74m²,,2,2,2,Đã có sổ,Đăng nhập để xem,
200,Đất,Cần bán,Hà Nội,Huyện Thanh Trì,Xã Thanh Liệt,"Đường Kim Giang, Xã Thanh Liệt, Huyện Thanh Trì, Hà Nội","2,65 tỷ",10/05/2021,43m²,,,,,Đã có sổ,Đăng nhập để xem,
201,Nhà,Cần bán,Hà Nội,Quận Hoàng Mai,Phường Tương Mai,"Đường Lương Khánh Thiện, Phường Tương Mai, Quận Hoàng Mai, Hà Nội","4,05 tỷ",10/05/2021,30m²,,5,4,4,Đã có sổ,Đăng nhập để xem,
202,"Căn hộ, Chung cư",Cho thuê,Hồ Chí Minh,Quận 1,Phường Cầu Kho,"Đường Nguyễn Văn Cừ, Phường Cầu Kho, Quận 1, Tp Hồ Chí Minh","5,5 triệu/tháng",10/05/2021,30m²,,,1,1,,Đăng nhập để xem,
203,Nhà,Cần bán,Cần Thơ,Quận Ninh Kiều,Phường An Khánh,"KHU VƯC 2, Đường Nguyễn Văn Cừ, Phường An Khánh, Quận Ninh Kiều, Cần Thơ","5,5 tỷ",10/05/2021,79m²,,,3,2,,Đăng nhập để xem,
204,Nhà,Cần bán,Hồ Chí Minh,Quận Tân Bình,Phường 12,"Đường Thép Mới, Phường 12, Quận Tân Bình, Tp Hồ Chí Minh","11,9 tỷ",10/05/2021,70m²,,3,3,3,Đã có sổ,Đăng nhập để xem,
205,Đất,Cần bán,Cần Thơ,Quận Bình Thuỷ,Phường Long Hòa,"Đường Võ Văn Kiệt, Phường Long Hòa, Quận Bình Thuỷ, Cần Thơ","3,2 tỷ",10/05/2021,103m²,,,,,Đã có sổ,Đăng nhập để xem,
206,Nhà,Cần bán,Hồ Chí Minh,Quận Gò Vấp,Phường 9,"Cây Trâm, Phường 9, Quận Gò Vấp, Tp Hồ Chí Minh","5,5 tỷ",10/05/2021,52m²,,,4,3,Đã có sổ,Đăng nhập để xem,
207,Nhà,Cần bán,Hồ Chí Minh,Quận Bình Tân,Phường Bình Hưng Hoà A,"Miếu gò xoai, Phường Bình Hưng Hoà A, Quận Bình Tân, Tp Hồ Chí Minh","3,68 tỷ",10/05/2021,43m²,,,2,2,Đã có sổ,Đăng nhập để xem,
208,Nhà,Cần bán,Hồ Chí Minh,Quận Tân Phú,Phường Phú Thạnh,"luỹ bán bích, Phường Phú Thạnh, Quận Tân Phú, Tp Hồ Chí Minh","3,9 tỷ",10/05/2021,35m²,,,2,,Đã có sổ,Đăng nhập để xem,
209,"Căn hộ, Chung cư",Cần bán,Hồ Chí Minh,Quận Thủ Đức,Phường Trường Thọ,"Đường số 1, Phường Trường Thọ, Quận Thủ Đức, Tp Hồ Chí Minh","2,6 tỷ",10/05/2021,68m²,,,2,2,,Đăng nhập để xem,
210,"Căn hộ, Chung cư",Cho thuê,Hồ Chí Minh,Quận 7,Phường Phú Thuận,"370, 370 Đường Nguyễn Văn Quỳ, Phường Phú Thuận, Quận 7, Tp Hồ Chí Minh","6,5 triệu/tháng",10/05/2021,69m²,,,2,2,Đã có sổ,Đăng nhập để xem,
211,Nhà,Cần bán,Hồ Chí Minh,Quận 12,Phường Thạnh Lộc,"Đường Thạnh Lộc 19, Phường Thạnh Lộc, Quận 12, Tp Hồ Chí Minh","4,25 tỷ",10/05/2021,175m²,,,7,,,Đăng nhập để xem,
212,Nhà,Cần bán,Hồ Chí Minh,Quận Bình Tân,Phường Bình Trị Đông,"Đường Hương lộ 2, Phường Bình Trị Đông, Quận Bình Tân, Tp Hồ Chí Minh","6,8 tỷ",10/05/2021,60m²,Tây,5,5,5,Đã có sổ,Đăng nhập để xem,
213,Nhà,Cần bán,Hà Nội,Quận Hà Đông,Phường Yên Nghĩa,"Đường Yên Lộ, Phường Yên Nghĩa, Quận Hà Đông, Hà Nội","5,7 tỷ",10/05/2021,75m²,,,4,4,,Đăng nhập để xem,
214,Đất,Cần bán,Bình Dương,Huyện Phú Giáo,Xã An Linh,"262, Dh 507, Xã An Linh, Huyện Phú Giáo, Bình Dương","1,4 tỷ",10/05/2021,280m²,Đông,,,,Đã có sổ,Đăng nhập để xem,
215,Nhà,Cần bán,Đồng Nai,Thành phố Biên Hòa,Phường Tân Phong,"kp 11, Phường Tân Phong, Thành phố Biên Hòa, Đồng Nai","1,79 tỷ",10/05/2021,166m²,Đông Bắc,,3,2,Đã có sổ,Đăng nhập để xem,
216,Nhà,Cần mua,Sóc Trăng,Thành phố Sóc Trăng,Phường 5,"Đường Lê Duẩn, Phường 5, Thành phố Sóc Trăng, Sóc Trăng","1,33 tỷ",10/05/2021,222m²,,,4,,,Đăng nhập để xem,
217,Đất,Cần bán,Quảng Ngãi,Huyện Đức Phổ,Xã Phổ Thạnh,"Đường Quốc lộ 1A, Xã Phổ Thạnh, Huyện Đức Phổ, Quảng Ngãi",950 triệu,10/05/2021,150m²,,,,,Đã có sổ,Đăng nhập để xem,
218,"Căn hộ, Chung cư",Cho thuê,Hồ Chí Minh,Quận Gò Vấp,Phường 14,"Đường Phạm Văn Chiêu, Phường 14, Quận Gò Vấp, Tp Hồ Chí Minh","6,5 triệu/tháng",10/05/2021,70m²,Đông,,2,1,,Đăng nhập để xem,
219,Đất,Cần bán,Hồ Chí Minh,Quận 12,Phường Tân Chánh Hiệp,"Đường Huỳnh Thị Hai, Phường Tân Chánh Hiệp, Quận 12, Tp Hồ Chí Minh","3,1 tỷ",10/05/2021,53m²,,,,,Đã có sổ,Đăng nhập để xem,
220,Đất,Cần bán,Hồ Chí Minh,Quận 2,Phường Cát Lái,"264/5, Đường Lê Văn Thịnh, Phường Cát Lái, Quận 2, Tp Hồ Chí Minh","5,6 tỷ",10/05/2021,97m²,Đông Nam,,,,Đã có sổ,Đăng nhập để xem,
221,"Căn hộ, Chung cư",Cho thuê,Hà Nội,Quận Cầu Giấy,Phường Dịch Vọng Hậu,"Đường Trần Đăng Ninh, Phường Dịch Vọng Hậu, Quận Cầu Giấy, Hà Nội",10 triệu/tháng,10/05/2021,130m²,,,3,2,,Đăng nhập để xem,
222,Nhà,Cho thuê,Hồ Chí Minh,Quận Tân Phú,Phường Tân Sơn Nhì,"Nguyễn văn sang, Phường Tân Sơn Nhì, Quận Tân Phú, Tp Hồ Chí Minh",6 triệu/tháng,10/05/2021,56m²,Nam,,2,2,Đã có sổ,Đăng nhập để xem,
223,Nhà,Cho thuê,Hồ Chí Minh,Quận 12,Phường Tân Hưng Thuận,"Đường DD7-1, Phường Tân Hưng Thuận, Quận 12, Tp Hồ Chí Minh",16 triệu/tháng,10/05/2021,100m²,Đông Bắc,,4,3,Đang chờ sổ,Đăng nhập để xem,
224,Nhà,Cần bán,Hồ Chí Minh,Quận Bình Tân,Phường Bình Trị Đông A,"Đường Tây Lân, Phường Bình Trị Đông A, Quận Bình Tân, Tp Hồ Chí Minh",900 triệu,10/05/2021,48m²,,1,2,2,Đã có sổ,Đăng nhập để xem,
225,Nhà,Cần bán,Hà Nội,Quận Hoàng Mai,Phường Hoàng Văn Thụ,"Đường Đền Lừ, Phường Hoàng Văn Thụ, Quận Hoàng Mai, Hà Nội","5,68 tỷ",10/05/2021,40m²,,,4,4,Đã có sổ,Đăng nhập để xem,
226,Nhà,Cho thuê,Đà Nẵng,Quận Cẩm Lệ,Phường Hòa An,"272/8, Đường Tôn Đản, Phường Hòa An, Quận Cẩm Lệ, Đà Nẵng","4,5 triệu/tháng",10/05/2021,80m²,,,2,1,Đã có sổ,Đăng nhập để xem,
227,Đất,Cần bán,An Giang,Thành phố Châu Đốc,Xã Vĩnh Tế,"Đường Tỉnh lộ 955A, Xã Vĩnh Tế, Thành phố Châu Đốc, An Giang",2 tỷ,10/05/2021,4.000m²,Đông Nam,,,,Đang chờ sổ,Đăng nhập để xem,
228,"Căn hộ, Chung cư",Cần bán,Hà Nội,Huyện Gia Lâm,Thị trấn Trâu Quỳ,"Đường Đa Tốn, Thị trấn Trâu Quỳ, Huyện Gia Lâm, Hà Nội","1,65 tỷ",10/05/2021,43m²,,,1,1,Đã có sổ,Đăng nhập để xem,
229,Nhà,Cần bán,Hồ Chí Minh,Quận Bình Tân,Phường Tân Tạo A,"1166, Đường Quốc lộ 1A, Phường Tân Tạo A, Quận Bình Tân, Tp Hồ Chí Minh","2,7 tỷ",10/05/2021,32m²,Đông Nam,3,3,3,Đã có sổ,Đăng nhập để xem,
230,Nhà,Cho thuê,Hồ Chí Minh,Quận 7,Phường Tân Thuận Đông,"Đường Huỳnh Tấn Phát||4100, Phường Tân Thuận Đông, Quận 7, Tp Hồ Chí Minh",9 triệu/tháng,10/05/2021,32m²,,3,4,2,Đã có sổ,Đăng nhập để xem,
231,Nhà,Cần bán,Hồ Chí Minh,Quận Tân Phú,Phường Tân Quý,"Đường Lý Tuệ, Phường Tân Quý, Quận Tân Phú, Tp Hồ Chí Minh","3,6 tỷ",10/05/2021,80m²,,,4,2,,Đăng nhập để xem,
232,Nhà,Cho thuê,Hồ Chí Minh,Quận 6,Phường 10,"Đường Lý Chiêu Hoàng, Phường 10, Quận 6, Tp Hồ Chí Minh",8 triệu/tháng,10/05/2021,48m²,Đông,,1,1,,Đăng nhập để xem,
233,"Căn hộ, Chung cư",Cần bán,Hồ Chí Minh,Huyện Bình Chánh,Xã Vĩnh Lộc B,"Đường Liên Ấp 1-2-3, Xã Vĩnh Lộc B, Huyện Bình Chánh, Tp Hồ Chí Minh","7,2 tỷ",10/05/2021,150m²,Tây,,4,4,Đã có sổ,Đăng nhập để xem,
234,Nhà,Cần bán,Hồ Chí Minh,Quận 7,Phường Phú Thuận,"Hùynh Tấn Phát, Phường Phú Thuận, Quận 7, Tp Hồ Chí Minh","1,43 tỷ",10/05/2021,48m²,,,2,2,,Đăng nhập để xem,
235,Nhà,Cho thuê,Hồ Chí Minh,Quận Gò Vấp,Phường 9,"Đường Phạm Văn Chiêu, Phường 9, Quận Gò Vấp, Tp Hồ Chí Minh",10 triệu/tháng,10/05/2021,48m²,Đông Nam,,3,2,Đã có sổ,Đăng nhập để xem,
236,Đất,Cần bán,Hồ Chí Minh,Quận 12,Phường Tân Chánh Hiệp,"Đường Tân Chánh Hiệp 3, Phường Tân Chánh Hiệp, Quận 12, Tp Hồ Chí Minh","2,88 tỷ",10/05/2021,54m²,Tây Nam,,,,Đã có sổ,Đăng nhập để xem,
237,Đất,Cần bán,Đà Nẵng,Huyện Hòa Vang,Xã Hòa Khương,"Đường ô tô, Xã Hòa Khương, Huyện Hòa Vang, Đà Nẵng",4 tỷ,10/05/2021,2.000m²,Đông,,,,Đã có sổ,Đăng nhập để xem,
238,Nhà,Cho thuê,Hồ Chí Minh,Quận 9,Phường Tăng Nhơn Phú B,"261/15, đình phong phú, Phường Tăng Nhơn Phú B, Quận 9, Tp Hồ Chí Minh",6 triệu/tháng,10/05/2021,40m²,Đông,,1,1,Đã có sổ,Đăng nhập để xem,
239,Đất,Cần bán,Khánh Hòa,Huyện Cam Lâm,Xã Cam Thành Bắc,"Cầu Bắc, Xã Cam Thành Bắc, Huyện Cam Lâm, Khánh Hòa",750 triệu,10/05/2021,170m²,Đông Nam,,,,Đã có sổ,Đăng nhập để xem,
240,Nhà,Cần bán,Hồ Chí Minh,Quận Bình Tân,Phường Bình Trị Đông,"Đường Đình Nghi Xuân, Phường Bình Trị Đông, Quận Bình Tân, Tp Hồ Chí Minh","1,1 tỷ",10/05/2021,40m²,,,2,2,Đã có sổ,Đăng nhập để xem,
241,Nhà,Cần bán,Hồ Chí Minh,Quận Bình Thạnh,Phường 22,"Đường Võ Duy Ninh, Phường 22, Quận Bình Thạnh, Tp Hồ Chí Minh","2,75 tỷ",10/05/2021,33m²,,2,2,1,Đã có sổ,Đăng nhập để xem,
242,Nhà,Cần bán,Hồ Chí Minh,Quận Thủ Đức,Phường Hiệp Bình Phước,"Đường Quốc Lộ 13, Phường Hiệp Bình Phước, Quận Thủ Đức, Tp Hồ Chí Minh","7,8 tỷ",10/05/2021,78m²,Tây Bắc,4,4,4,Đã có sổ,Đăng nhập để xem,
243,Nhà,Cần bán,Hà Nội,Quận Hoàng Mai,Phường Vĩnh Hưng,"140/30, Vĩnh Hưng, Phường Vĩnh Hưng, Quận Hoàng Mai, Hà Nội",730 triệu,10/05/2021,22m²,,,2,2,Đang chờ sổ,Đăng nhập để xem,
244,Đất,Cần bán,Bình Dương,Thành phố Thủ Dầu Một,Phường Hiệp Thành,"Hiệp Thành, Phường Hiệp Thành, Thành phố Thủ Dầu Một, Bình Dương","2,7 tỷ",10/05/2021,84m²,,,,,Đã có sổ,Đăng nhập để xem,
245,Nhà,Cần bán,Hồ Chí Minh,Quận Gò Vấp,Phường 13,"Đường Lê Đức Thọ, Phường 13, Quận Gò Vấp, Tp Hồ Chí Minh","3,75 tỷ",10/05/2021,49m²,,1,4,3,Đã có sổ,Đăng nhập để xem,
246,Nhà,Cần bán,Hồ Chí Minh,Huyện Nhà Bè,Xã Phước Kiển,"lê văn lương, Xã Phước Kiển, Huyện Nhà Bè, Tp Hồ Chí Minh","2,8 tỷ",10/05/2021,50m²,Đông Nam,3,4,3,Đã có sổ,Đăng nhập để xem,
247,Nhà,Cần bán,Long An,Thành phố Tân An,Xã Bình Tâm,"22, Đường Đinh Viết Cừu, Xã Bình Tâm, Thành phố Tân An, Long An","1,8 tỷ",10/05/2021,125m²,Đông Bắc,1,2,2,Đã có sổ,Đăng nhập để xem,
248,Nhà,Cần bán,Hồ Chí Minh,Quận 9,Phường Long Thạnh Mỹ,"412D/8/4, Nguyễn Xiển, Phường Long Thạnh Mỹ, Quận 9, Tp Hồ Chí Minh","4,5 tỷ",10/05/2021,58m²,,,4,4,Đã có sổ,Đăng nhập để xem,
249,Nhà,Cần bán,Hồ Chí Minh,Quận Gò Vấp,Phường 8,"Đường 21, Phường 8, Quận Gò Vấp, Tp Hồ Chí Minh","3,3 tỷ",10/05/2021,31m²,,,2,2,Đã có sổ,Đăng nhập để xem,
250,"Căn hộ, Chung cư",Cho thuê,Hồ Chí Minh,Quận 7,Phường Tân Hưng,"Đường Nguyễn Hữu Thọ, Phường Tân Hưng, Quận 7, Tp Hồ Chí Minh",14 triệu/tháng,10/05/2021,76m²,,,2,2,Đang chờ sổ,Đăng nhập để xem,
251,Đất,Cần bán,Cần Thơ,Quận Bình Thuỷ,Phường Bình Thủy,"Đường Đặng Văn Dầy, Phường Bình Thủy, Quận Bình Thủy, Cần Thơ, Phường Bình Thủy, Quận Bình Thuỷ, Cần Thơ","2,4 tỷ",10/05/2021,99m²,Tây Bắc,,,,Đã có sổ,Đăng nhập để xem,
252,"Căn hộ, Chung cư",Cho thuê,Hồ Chí Minh,Quận 7,Phường Tân Quy,"Đường Nguyễn Thị Thập, Phường Tân Quy, Quận 7, Tp Hồ Chí Minh",5 triệu/tháng,10/05/2021,25m²,,,1,1,,Đăng nhập để xem,
253,Nhà,Cần bán,Bình Thuận,Thành phố Phan Thiết,Phường Phú Trinh,"Đường Lê Duẩn, Phường Phú Trinh, Thành phố Phan Thiết, Bình Thuận","2,1 tỷ",10/05/2021,70m²,Nam,,2,1,Đã có sổ,Đăng nhập để xem,
254,Đất,Cần bán,Bình Dương,Thị xã Bến Cát,Phường Mỹ Phước,"đường 30/4, Phường Mỹ Phước, Thị xã Bến Cát, Bình Dương",680 triệu,10/05/2021,100m²,,,,,,Đăng nhập để xem,
255,Đất,Cần bán,Hồ Chí Minh,Huyện Củ Chi,Xã Nhuận Đức,"Đường Nhuận Đức, Xã Nhuận Đức, Huyện Củ Chi, Tp Hồ Chí Minh",5 tỷ,10/05/2021,770m²,,,,,Đang chờ sổ,Đăng nhập để xem,
256,Nhà,Cần bán,Khánh Hòa,Thành phố Nha Trang,Phường Phước Hải,"Đường A3, Phường Phước Hải, Thành phố Nha Trang, Khánh Hòa","3,2 tỷ",10/05/2021,64m²,Tây Nam,3,4,3,Đã có sổ,Đăng nhập để xem,
257,Đất,Cần bán,Bà Rịa - Vũng Tàu,Thị xã Phú Mỹ,Phường Hắc Dịch,"Trần Phú, Phường Hắc Dịch, Thị xã Phú Mỹ, Bà Rịa - Vũng Tàu","1,23 tỷ",10/05/2021,145m²,,,,,Đã có sổ,Đăng nhập để xem,
258,Đất,Cần bán,Bình Dương,Thị xã Bến Cát,Phường Mỹ Phước,"Đường ĐT 749, Phường Mỹ Phước, Thị xã Bến Cát, Bình Dương",620 triệu,10/05/2021,75m²,,,,,Đã có sổ,Đăng nhập để xem,
259,Nhà,Cho thuê,Hồ Chí Minh,Quận 7,Phường Tân Quy,"Đường 49, Phường Tân Quy, Quận 7, Tp Hồ Chí Minh",17 triệu/tháng,10/05/2021,80m²,,,3,4,,Đăng nhập để xem,
260,Nhà,Cần bán,Hồ Chí Minh,Quận 3,Phường 10,"cách mạng tháng 8, Phường 10, Quận 3, Tp Hồ Chí Minh",6 tỷ,10/05/2021,81m²,,,2,2,,Đăng nhập để xem,
261,Nhà,Cần bán,Hồ Chí Minh,Quận Bình Tân,Phường Bình Hưng Hòa,"Đường Lê Trọng Tấn, Phường Bình Hưng Hòa, Quận Bình Tân, Tp Hồ Chí Minh","4,45 tỷ",10/05/2021,60m²,Tây,,5,5,Đã có sổ,Đăng nhập để xem,
262,Nhà,Cần bán,Hồ Chí Minh,Quận 9,Phường Tăng Nhơn Phú A,"Đường Man Thiện, Phường Tăng Nhơn Phú A, Quận 9, Tp Hồ Chí Minh","13,4 tỷ",10/05/2021,115m²,,,7,5,Đã có sổ,Đăng nhập để xem,
263,Nhà,Cần bán,Hồ Chí Minh,Huyện Nhà Bè,Xã Phú Xuân,"Đường Huỳnh Tấn Phát, Xã Phú Xuân, Huyện Nhà Bè, Tp Hồ Chí Minh","4,5 tỷ",10/05/2021,52m²,,2,4,3,Đã có sổ,Đăng nhập để xem,
264,Đất,Cần bán,Tiền Giang,Thành phố Mỹ Tho,Xã Đạo Thạnh,"quảng trường, Xã Đạo Thạnh, Thành phố Mỹ Tho, Tiền Giang",650 triệu,10/05/2021,80m²,,,,,Đang chờ sổ,Đăng nhập để xem,
265,Đất,Cần bán,Lâm Đồng,Huyện Di Linh,Xã Gung Ré,"xã Gung Ré Di Linh Lâm Đồng, Xã Gung Ré, Huyện Di Linh, Lâm Đồng","2,1 tỷ",10/05/2021,6.051m²,,,,,Đã có sổ,Đăng nhập để xem,
266,Nhà,Cần bán,Hồ Chí Minh,Quận Tân Phú,Phường Tân Quý,"Đường Gò Dầu, Phường Tân Quý, Quận Tân Phú, Tp Hồ Chí Minh",12 tỷ,10/05/2021,72m²,,,4,,,Đăng nhập để xem,
267,Nhà,Cần bán,Khánh Hòa,Thành phố Nha Trang,Xã Vĩnh Ngọc,"Đường Liên Hoa, Xã Vĩnh Ngọc, Thành phố Nha Trang, Khánh Hòa","4,9 tỷ",10/05/2021,342m²,Tây Bắc,2,5,3,Đã có sổ,Đăng nhập để xem,
268,Nhà,Cho thuê,Đà Nẵng,Quận Thanh Khê,Phường Thanh Khê Tây,"Đường Yên Khê 2, Phường Thanh Khê Tây, Quận Thanh Khê, Đà Nẵng",4 triệu/tháng,10/05/2021,70m²,,,2,1,,Đăng nhập để xem,
269,Đất,Cần bán,Hồ Chí Minh,Quận 9,Phường Tăng Nhơn Phú A,"Đường Man Thiện, Phường Tăng Nhơn Phú A, Quận 9, Tp Hồ Chí Minh","14,1 tỷ",10/05/2021,100m²,,,,,,Đăng nhập để xem,
270,Nhà,Cần bán,Hồ Chí Minh,Quận Bình Thạnh,Phường 11,"Đường Phan Văn Trị, Phường 11, Quận Bình Thạnh, Tp Hồ Chí Minh","3,25 tỷ",10/05/2021,27m²,,,2,2,Đã có sổ,Đăng nhập để xem,
271,Đất,Cần bán,Hồ Chí Minh,Quận Thủ Đức,Phường Hiệp Bình Chánh,"Đường Số 27, Phường Hiệp Bình Chánh, Quận Thủ Đức, Tp Hồ Chí Minh","2,3 tỷ",10/05/2021,70m²,,,,,Đã có sổ,Đăng nhập để xem,
272,"Căn hộ, Chung cư",Cần bán,Bình Dương,Thành phố Thủ Dầu Một,Phường Phú Hòa,"26 Đường Đại Lộ Bình Dương, Khu phố 7, Phường Phú Hòa, Thủ Dầu Một, Bình Dương, Phường Phú Hòa, Thành phố Thủ Dầu Một, Bình Dương","1,35 tỷ",10/05/2021,44m²,Đông Bắc,,1,1,Đang chờ sổ,Đăng nhập để xem,
273,Đất,Cần bán,Hồ Chí Minh,Quận 8,Phường 4,"Đường Cao Lỗ, Phường 4, Quận 8, Tp Hồ Chí Minh","2,65 tỷ",10/05/2021,100m²,,,,,Đã có sổ,Đăng nhập để xem,
274,"Căn hộ, Chung cư",Cho thuê,Quảng Ninh,Thành phố Hạ Long,Phường Hùng Thắng,"A0315, Hoàng Quốc Việt, Phường Hùng Thắng, Thành phố Hạ Long, Quảng Ninh","5,5 triệu/tháng",10/05/2021,49m²,Đông Bắc,,1,1,Đang chờ sổ,Đăng nhập để xem,
275,Đất,Cần bán,Bình Phước,Huyện Đồng Phú,Xã Tân Lập,"Đường ĐT 741, Xã Tân Lập, Huyện Đồng Phú, Bình Phước",700 triệu,10/05/2021,125m²,,,,,Đã có sổ,Đăng nhập để xem,
276,"Căn hộ, Chung cư",Cần bán,Hồ Chí Minh,Quận 2,Phường An Lợi Đông,"10, 10 Đường Mai Chí Thọ, Phường An Lợi Đông, Quận 2, Tp Hồ Chí Minh","6,2 tỷ",10/05/2021,88m²,,,2,2,Đang chờ sổ,Đăng nhập để xem,
277,Nhà,Cần bán,Hồ Chí Minh,Quận Tân Phú,Phường Phú Thạnh,"Đường Lũy Bán Bích, Phường Phú Thạnh, Quận Tân Phú, Tp Hồ Chí Minh","8,5 tỷ",10/05/2021,80m²,,,6,,Đã có sổ,Đăng nhập để xem,
278,Nhà,Cần bán,Hà Nội,Quận Long Biên,Phường Thạch Bàn,"531, Đường Bát Khối, Phường Thạch Bàn, Quận Long Biên, Hà Nội","2,25 tỷ",10/05/2021,33m²,Nam,4,2,3,Đã có sổ,Đăng nhập để xem,
279,"Căn hộ, Chung cư",Cần bán,Hồ Chí Minh,Quận 7,Phường Tân Phú,"Lô S10-2, Lô S10-2 Khu A - Đô thị Phú Mỹ Hưng, Phường Tân Phú, Quận 7, Tp Hồ Chí Minh",4 tỷ,10/05/2021,78m²,Tây,,2,2,Đã có sổ,Đăng nhập để xem,
280,Nhà,Cần bán,Hà Nội,Quận Hoàng Mai,Phường Tương Mai,"Đường Trương Định, Phường Tương Mai, Quận Hoàng Mai, Hà Nội","2,9 tỷ",10/05/2021,56m²,,,4,3,,Đăng nhập để xem,
281,Đất,Cần bán,Quảng Nam,Thị xã Điện Bàn,Phường Điện Dương,"Khu đô thị Điện Ngọc - Điện Dương, Phường Điện Dương, Thị xã Điện Bàn, Quảng Nam",900 triệu,10/05/2021,105m²,Nam,,,,Đã có sổ,Đăng nhập để xem,
282,Nhà,Cần bán,Hồ Chí Minh,Huyện Hóc Môn,Xã Tân Xuân,"Đường Lê Thị Hà, Xã Tân Xuân, Huyện Hóc Môn, Tp Hồ Chí Minh",873 triệu,10/05/2021,238m²,,,10,5,Đã có sổ,Đăng nhập để xem,
283,Đất,Cần bán,Cà Mau,Huyện Đầm Dơi,Xã Tân Thuận,"ngã tư ông rum , ấp thuận hoà b, Xã Tân Thuận, Huyện Đầm Dơi, Cà Mau",2 tỷ,10/05/2021,30m²,,,,,Đã có sổ,Đăng nhập để xem,
284,"Căn hộ, Chung cư",Cần bán,Hồ Chí Minh,Quận 7,Phường Phú Mỹ,"Đường Hoàng Quốc Việt, Phường Phú Mỹ, Quận 7, Tp Hồ Chí Minh","2,16 tỷ",10/05/2021,58m²,,,2,,,Đăng nhập để xem,
285,Nhà,Cho thuê,Hồ Chí Minh,Quận Gò Vấp,Phường 14,"Đường số 59, Phường 14, Quận Gò Vấp, Tp Hồ Chí Minh","16,5 triệu/tháng",10/05/2021,72m²,,,5,5,,Đăng nhập để xem,
286,Nhà,Cần bán,Hồ Chí Minh,Quận Bình Tân,Phường Bình Hưng Hoà A,"Đường Mã Lò, Phường Bình Hưng Hoà A, Quận Bình Tân, Tp Hồ Chí Minh","7,1 tỷ",10/05/2021,104m²,,,4,5,Đã có sổ,Đăng nhập để xem,
287,"Căn hộ, Chung cư",Cho thuê,Hồ Chí Minh,Quận 2,Phường Cát Lái,"Đường Đồng Văn Cống, Phường Cát Lái, Quận 2, Tp Hồ Chí Minh",3 triệu/tháng,10/05/2021,78m²,Đông Nam,,3,2,Giấy tờ khác,Đăng nhập để xem,
288,Nhà,Cho thuê,Hồ Chí Minh,Quận Bình Tân,Phường Bình Trị Đông B,"Đường Số 28, Phường Bình Trị Đông B, Quận Bình Tân, Tp Hồ Chí Minh",22 triệu/tháng,10/05/2021,90m²,Tây,4,5,4,Đã có sổ,Đăng nhập để xem,
289,"Căn hộ, Chung cư",Cho thuê,Đà Nẵng,Quận Ngũ Hành Sơn,Phường Mỹ An,"40, Đường Trần Văn Dư, Phường Mỹ An, Quận Ngũ Hành Sơn, Đà Nẵng","4,5 triệu/tháng",10/05/2021,50m²,,,2,1,,Đăng nhập để xem,
290,Nhà,Cho thuê,Hồ Chí Minh,Quận Bình Tân,Phường Bình Hưng Hòa,"Đường Tân Kỳ Tân Quý, Phường Bình Hưng Hòa, Quận Bình Tân, Tp Hồ Chí Minh",14 triệu/tháng,10/05/2021,54m²,Tây,2,6,3,,Đăng nhập để xem,
291,Nhà,Cho thuê,Hồ Chí Minh,Quận Gò Vấp,Phường 8,"Đường Quang Trung, Phường 8, Quận Gò Vấp, Tp Hồ Chí Minh",7 triệu/tháng,10/05/2021,60m²,Tây Nam,1,2,2,Đã có sổ,Đăng nhập để xem,
292,"Căn hộ, Chung cư",Cho thuê,Hồ Chí Minh,Quận Tân Bình,Phường 15,"Đường Nguyễn Sỹ Sách, Phường 15, Quận Tân Bình, Tp Hồ Chí Minh","5,2 triệu/tháng",10/05/2021,35m²,,,1,1,Giấy tờ khác,Đăng nhập để xem,
293,Nhà,Cần bán,Đồng Nai,Thành phố Biên Hòa,Phường Hoá An,"hoành minh chánh, Phường Hoá An, Thành phố Biên Hòa, Đồng Nai","1,79 tỷ",10/05/2021,215m²,Nam,,4,4,Đã có sổ,Đăng nhập để xem,
294,Nhà,Cần bán,Đồng Nai,Thành phố Biên Hòa,Phường Trảng Dài,"chưa có, Phường Trảng Dài, Thành phố Biên Hòa, Đồng Nai","2,2 tỷ",10/05/2021,115m²,Đông,,3,1,Đã có sổ,Đăng nhập để xem,
295,Nhà,Cần bán,Hồ Chí Minh,Quận 10,Phường 12,"Đường Thành Thái, Phường 12, Quận 10, Tp Hồ Chí Minh","14,7 tỷ",10/05/2021,68m²,,,5,4,Đã có sổ,Đăng nhập để xem,
296,Nhà,Cần bán,Hồ Chí Minh,Huyện Nhà Bè,Xã Phước Kiển,"Đường Nguyễn Hữu Thọ, Xã Phước Kiển, Huyện Nhà Bè, Tp Hồ Chí Minh",19 tỷ,10/05/2021,250m²,,,5,6,Đã có sổ,Đăng nhập để xem,
297,Nhà,Cần bán,Hồ Chí Minh,Quận Bình Thạnh,Phường 11,"Đường Phan Văn Trị, Phường 11, Quận Bình Thạnh, Tp Hồ Chí Minh","6,9 tỷ",10/05/2021,44m²,,,4,4,Đã có sổ,Đăng nhập để xem,
298,Đất,Cần bán,Đồng Nai,Huyện Long Thành,Xã An Phước,"Đường Quốc Lộ 51, Xã An Phước, Huyện Long Thành, Đồng Nai",800 triệu,10/05/2021,132m²,,,,,,Đăng nhập để xem,
299,Đất,Cần bán,Hồ Chí Minh,Huyện Củ Chi,Xã Thái Mỹ,"Đường Tỉnh Lộ 7, Xã Thái Mỹ, Huyện Củ Chi, Tp Hồ Chí Minh","1,8 tỷ",10/05/2021,398m²,,,,,Đã có sổ,Đăng nhập để xem,
300,Nhà,Cần bán,Bình Dương,Huyện Bàu Bàng,Xã Trừ Văn Thố,"d 24, Xã Trừ Văn Thố, Huyện Bàu Bàng, Bình Dương","1,35 tỷ",10/05/2021,150m²,,,5,5,Giấy tờ khác,Đăng nhập để xem,
301,Nhà,Cần bán,Hồ Chí Minh,Huyện Bình Chánh,Xã Đa Phước,"quốc Lộ 50, Xã Đa Phước, Huyện Bình Chánh, Tp Hồ Chí Minh","1,85 tỷ",10/05/2021,80m²,,,2,2,Đã có sổ,Đăng nhập để xem,
302,Đất,Cần bán,Đồng Nai,Huyện Vĩnh Cửu,Xã Phú Lý,"chưa có, Xã Phú Lý, Huyện Vĩnh Cửu, Đồng Nai",15 tỷ,10/05/2021,50.000m²,,,,,Đã có sổ,Đăng nhập để xem,
303,Nhà,Cho thuê,Hồ Chí Minh,Quận Tân Bình,Phường 10,"Âu Cơ, Phường 10, Quận Tân Bình, Tp Hồ Chí Minh",13 triệu/tháng,10/05/2021,60m²,,,4,3,,Đăng nhập để xem,
304,"Căn hộ, Chung cư",Cần bán,Đà Nẵng,Quận Sơn Trà,Phường Phước Mỹ,"120-122 võ nguyên giáp, Phường Phước Mỹ, Quận Sơn Trà, Đà Nẵng","2,8 tỷ",10/05/2021,58m²,Tây Nam,,1,1,Đang chờ sổ,Đăng nhập để xem,
305,Nhà,Cho thuê,Hồ Chí Minh,Quận Bình Thạnh,Phường 17,"Đường Nguyễn Cửu Vân, Phường 17, Quận Bình Thạnh, Tp Hồ Chí Minh","15,5 triệu/tháng",10/05/2021,56m²,Bắc,1,2,2,Đã có sổ,Đăng nhập để xem,
306,Đất,Cần bán,Tiền Giang,Huyện Gò Công Tây,Xã Bình Nhì,"ấp bình hoà đông, Xã Bình Nhì, Huyện Gò Công Tây, Tiền Giang",500 triệu,10/05/2021,146m²,,,,,Đã có sổ,Đăng nhập để xem,
307,Nhà,Cần bán,Hà Nội,Quận Hai Bà Trưng,Phường Bạch Mai,"Đường Bạch Mai, Phường Bạch Mai, Quận Hai Bà Trưng, Hà Nội","2,38 tỷ",10/05/2021,28m²,,,3,4,Đã có sổ,Đăng nhập để xem,
308,Đất,Cần bán,An Giang,Thành phố Long Xuyên,Phường Bình Khánh,"TL 943, Phường Bình Khánh, Thành phố Long Xuyên, An Giang",880 triệu,10/05/2021,650m²,,,,,Đã có sổ,Đăng nhập để xem,
309,Đất,Cần bán,Quảng Ninh,Thành phố Uông Bí,Phường Yên Thanh,"Đường Quốc lộ 18A,  phường Yên Thanh, thành phố Uông Bí, Quảng Ninh, Phường Yên Thanh, Thành phố Uông Bí, Quảng Ninh",2 tỷ,10/05/2021,100m²,Bắc,,,,Đã có sổ,Đăng nhập để xem,
310,Nhà,Cần bán,Hồ Chí Minh,Quận 8,Phường 15,"Đường Bến Bình Đông, Phường 15, Quận 8, Tp Hồ Chí Minh","2,05 tỷ",10/05/2021,20m²,,,2,2,,Đăng nhập để xem,
311,"Căn hộ, Chung cư",Cần bán,Hồ Chí Minh,Quận 9,Phường Long Thạnh Mỹ,"Đường Nguyễn Xiển, Phường Long Thạnh Mỹ, Quận 9, Tp Hồ Chí Minh","2,05 tỷ",10/05/2021,59m²,,,2,1,Đang chờ sổ,Đăng nhập để xem,
312,"Căn hộ, Chung cư",Cần bán,Hồ Chí Minh,Quận 8,Phường 6,"Đường Tạ Quang Bửu, Phường 6, Quận 8, Tp Hồ Chí Minh","2,9 tỷ",10/05/2021,75m²,,,2,2,Đang chờ sổ,Đăng nhập để xem,
313,Nhà,Cần bán,Hồ Chí Minh,Quận 9,Phường Phước Long B,"Đường 339, Phường Phước Long B, Quận 9, Tp Hồ Chí Minh","7,9 tỷ",10/05/2021,148m²,Đông Bắc,,3,3,Đã có sổ,Đăng nhập để xem,
314,Nhà,Cho thuê,Hồ Chí Minh,Quận 2,Phường An Phú,"3B, Đường Bùi Tá Hán, Phường An Phú, Quận 2, Tp Hồ Chí Minh",58 triệu/tháng,10/05/2021,500m²,,,4,,Đã có sổ,Đăng nhập để xem,
315,Nhà,Cần bán,Hà Nội,Quận Hà Đông,Phường Kiến Hưng,"Đường Hà Trì 3, Phường Kiến Hưng, Quận Hà Đông, Hà Nội","2,52 tỷ",10/05/2021,33m²,,,4,,Đã có sổ,Đăng nhập để xem,
316,Nhà,Cần bán,Hồ Chí Minh,Quận 2,Phường Bình An,"Đường 39, Phường Bình An, Quận 2, Tp Hồ Chí Minh",35 tỷ,10/05/2021,158m²,,3,4,4,Đã có sổ,Đăng nhập để xem,
317,Đất,Cần bán,Hậu Giang,Huyện Châu Thành,Thị trấn Mái Dầm,"Đường Nam Sông Hậu, Thị trấn Mái Dầm, Huyện Châu Thành, Hậu Giang",750 triệu,10/05/2021,82m²,,,,,Đã có sổ,Đăng nhập để xem,
318,Nhà,Cần bán,Hồ Chí Minh,Quận 8,Phường 4,"Đường Phạm Thế Hiển, Phường 4, Quận 8, Tp Hồ Chí Minh","1,1 tỷ",10/05/2021,39m²,,,2,2,Đã có sổ,Đăng nhập để xem,
319,Nhà,Cần bán,Hồ Chí Minh,Quận Tân Bình,Phường 3,"Đường Phạm Văn Hai, Phường 3, Quận Tân Bình, Tp Hồ Chí Minh","9,8 tỷ",10/05/2021,90m²,,,4,4,Đã có sổ,Đăng nhập để xem,
320,Nhà,Cần bán,Cần Thơ,Huyện Thới Lai,Thị trấn Thới Lai,"Đường Số 10, Thị trấn Thới Lai, Huyện Thới Lai, Cần Thơ","4,15 tỷ",10/05/2021,85m²,,,3,2,Đã có sổ,Đăng nhập để xem,
321,Nhà,Cho thuê,Hồ Chí Minh,Quận Gò Vấp,Phường 10,"thống nhất, Phường 10, Quận Gò Vấp, Tp Hồ Chí Minh",20 triệu/tháng,10/05/2021,58m²,,,6,5,,Đăng nhập để xem,
322,"Căn hộ, Chung cư",Cần bán,Hồ Chí Minh,Huyện Nhà Bè,Xã Phước Kiển,"Đường Nguyễn Hữu Thọ, Xã Phước Kiển, Huyện Nhà Bè, Tp Hồ Chí Minh","2,2 tỷ",10/05/2021,120m²,,,3,3,Đã có sổ,Đăng nhập để xem,
323,Đất,Cần bán,Đồng Nai,Huyện Thống Nhất,Xã Lộ 25,"Đường ĐT 769, Xã Lộ 25, Huyện Thống Nhất, Đồng Nai",750 triệu,10/05/2021,100m²,,,,,Đã có sổ,Đăng nhập để xem,
324,Đất,Cần bán,Đồng Nai,Huyện Long Thành,Thị trấn Long Thành,"Đường Quốc Lộ 51, Thị trấn Long Thành, Huyện Long Thành, Đồng Nai",1 tỷ,10/05/2021,100m²,,,,,Đã có sổ,Đăng nhập để xem,
325,Nhà,Cần bán,Bình Thuận,Thành phố Phan Thiết,Xã Tiến Thành,"Đường Lạc Long Quân, Xã Tiến Thành, Phan Thiết, Bình Thuận, Xã Tiến Thành, Thành phố Phan Thiết, Bình Thuận","5,8 tỷ",10/05/2021,120m²,,,3,3,,Đăng nhập để xem,
326,Đất,Cần bán,Hồ Chí Minh,Quận Thủ Đức,Phường Bình Thọ,"Đặng Văn Bi, Phường Bình Thọ, Quận Thủ Đức, Tp Hồ Chí Minh",720 triệu,10/05/2021,80m²,,,,,Đã có sổ,Đăng nhập để xem,
327,Đất,Cần bán,Đắk Lắk,Thành phố Buôn Ma Thuột,Phường Tân Hòa,"Đường Phạm Văn Đồng, Phường Tân Hòa, Thành phố Buôn Ma Thuột, Đắk Lắk","1,18 tỷ",10/05/2021,140m²,Tây,,,,Đã có sổ,Đăng nhập để xem,
328,"Căn hộ, Chung cư",Cần bán,Nghệ An,Thành phố Vinh,Phường Vinh Tân,"Đường Hồ Xuân Hương, Phường Vinh Tân, Thành phố Vinh, Nghệ An",977 triệu,10/05/2021,79m²,,,2,2,Đã có sổ,Đăng nhập để xem,
329,Nhà,Cần bán,Hồ Chí Minh,Quận Bình Tân,Phường Bình Hưng Hoà B,"Đường Tân Kỳ Tân Quý, Phường Bình Hưng Hoà B, Quận Bình Tân, Tp Hồ Chí Minh","1,48 tỷ",10/05/2021,32m²,Đông,,2,,Đã có sổ,Đăng nhập để xem,
330,Đất,Cần bán,Hồ Chí Minh,Quận 9,Phường Long Trường,"Đường Số 1, Phường Long Trường, Quận 9, Tp Hồ Chí Minh","3,68 tỷ",10/05/2021,88m²,,,,,Đã có sổ,Đăng nhập để xem,
331,Nhà,Cần bán,Đắk Lắk,Thành phố Buôn Ma Thuột,Phường Tân Lập,"Võ Thị Sáu, Phường Tân Lập, Thành phố Buôn Ma Thuột, Đắk Lắk","1,79 tỷ",10/05/2021,98m²,Tây Nam,1,3,2,Đã có sổ,Đăng nhập để xem,
332,Đất,Cần bán,Hồ Chí Minh,Quận 9,Phường Tăng Nhơn Phú A,"Đường 385, Phường Tăng Nhơn Phú A, Quận 9, Tp Hồ Chí Minh",15 tỷ,10/05/2021,300m²,Tây Bắc,,,,Đã có sổ,Đăng nhập để xem,
333,Đất,Cần bán,Bình Dương,Thành phố Thuận An,Phường An Phú,"Đường Liên Huyện, Phường An Phú, Thành phố Thuận An, Bình Dương",835 triệu,10/05/2021,105m²,,,,,Đã có sổ,Đăng nhập để xem,
334,Đất,Cần bán,Bình Dương,Huyện Bắc Tân Uyên,Xã Bình Mỹ,"Đường ĐT 742, Xã Bình Mỹ, Huyện Bắc Tân Uyên, Bình Dương",810 triệu,10/05/2021,80m²,,,,,,Đăng nhập để xem,
335,Đất,Cần bán,Đồng Nai,Huyện Long Thành,Xã Lộc An,"Đường 769, Xã Lộc An, Huyện Long Thành, Đồng Nai","1,6 tỷ",10/05/2021,110m²,Nam,,,,Đã có sổ,Đăng nhập để xem,
336,Nhà,Cần bán,Hà Nội,Quận Bắc Từ Liêm,Phường Cổ Nhuế 2,"Đường Cổ Nhuế, Phường Cổ Nhuế 2, Quận Bắc Từ Liêm, Hà Nội","3,45 tỷ",10/05/2021,36m²,Đông Nam,6,5,4,Đã có sổ,Đăng nhập để xem,
337,"Căn hộ, Chung cư",Cho thuê,Bình Dương,Thành phố Thủ Dầu Một,Phường Phú Lợi,"Đường D2, Phường Phú Lợi, Thành phố Thủ Dầu Một, Bình Dương","4,5 triệu/tháng",10/05/2021,42m²,,,1,1,Đã có sổ,Đăng nhập để xem,
338,Đất,Cần bán,Hồ Chí Minh,Quận Thủ Đức,Phường Hiệp Bình Phước,"đường số 8, Phường Hiệp Bình Phước, Quận Thủ Đức, Tp Hồ Chí Minh","5,3 tỷ",10/05/2021,93m²,Tây,,,,Đã có sổ,Đăng nhập để xem,
339,"Căn hộ, Chung cư",Cần bán,Hồ Chí Minh,Quận 2,Phường Bình Khánh,"116, Đường Lương Định Của, Phường Bình Khánh, Quận 2, Tp Hồ Chí Minh",56 triệu,10/05/2021,82m²,Đông Nam,,2,2,Đang chờ sổ,Đăng nhập để xem,
340,Đất,Cần bán,Hồ Chí Minh,Huyện Bình Chánh,Xã Tân Quý Tây,"Đường Hương Lộ 11, Xã Tân Quý Tây, Huyện Bình Chánh, Tp Hồ Chí Minh","4,5 tỷ",10/05/2021,300m²,,,,,Đã có sổ,Đăng nhập để xem,
341,Đất,Cần bán,An Giang,Huyện Châu Thành,Xã Vĩnh Bình,"Đường Số 7, Xã Vĩnh Bình, Huyện Châu Thành, An Giang",670 triệu,10/05/2021,84m²,,,,,Đang chờ sổ,Đăng nhập để xem,
342,Đất,Cần bán,Long An,Huyện Cần Đước,Xã Long Cang,"Đường 5, Xã Long Cang, Huyện Cần Đước, Long An","1,5 tỷ",10/05/2021,99m²,,,,,Đã có sổ,Đăng nhập để xem,
343,Nhà,Cần bán,Hồ Chí Minh,Quận Tân Phú,Phường Tân Sơn Nhì,"Đường Nguyễn Cửu Đàm, Phường Tân Sơn Nhì, Quận Tân Phú, Tp Hồ Chí Minh",13 tỷ,10/05/2021,90m²,,5,8,,Đã có sổ,Đăng nhập để xem,
344,Đất,Cần bán,Bình Dương,Thành phố Thủ Dầu Một,Phường Phú Tân,"Đường D12, Phường Phú Tân, Thành phố Thủ Dầu Một, Bình Dương","3,45 tỷ",10/05/2021,150m²,Đông Nam,,,,Đã có sổ,Đăng nhập để xem,
345,"Căn hộ, Chung cư",Cần bán,Hồ Chí Minh,Quận Bình Thạnh,Phường 22,"Đường Nguyễn Hữu Cảnh, Phường 22, Quận Bình Thạnh, Tp Hồ Chí Minh","4,7 tỷ",10/05/2021,90m²,,,2,2,Đã có sổ,Đăng nhập để xem,
346,Nhà,Cần bán,Hồ Chí Minh,Huyện Bình Chánh,Xã Bình Chánh,"Đường Đinh Đức Thiện, Xã Bình Chánh, Huyện Bình Chánh, Tp Hồ Chí Minh",900 triệu,10/05/2021,80m²,,,4,2,,Đăng nhập để xem,
347,Nhà,Cần bán,Hồ Chí Minh,Quận Thủ Đức,Phường Hiệp Bình Chánh,"Đường 37, Phường Hiệp Bình Chánh, Quận Thủ Đức, Tp Hồ Chí Minh","8,5 tỷ",10/05/2021,100m²,Nam,,4,4,Đã có sổ,Đăng nhập để xem,
348,"Căn hộ, Chung cư",Cho thuê,Hồ Chí Minh,Quận 10,Phường 14,"7A/5, Đường Thành Thái, Phường 14, Quận 10, Tp Hồ Chí Minh","6,2 triệu/tháng",10/05/2021,30m²,,,1,1,Giấy tờ khác,Đăng nhập để xem,
349,Đất,Cần bán,Bình Phước,Huyện Đồng Phú,Xã Tân Hưng,"Đường ĐT753, Xã Tân Hưng, Huyện Đồng Phú, Bình Phước",500 triệu,10/05/2021,175m²,,,,,Đã có sổ,Đăng nhập để xem,
350,Đất,Cần bán,Đồng Nai,Huyện Nhơn Trạch,Xã Đại Phước,"Đường Lý Thái Tổ, Xã Đại Phước, Huyện Nhơn Trạch, Đồng Nai","3,2 tỷ",10/05/2021,140m²,,,,,Đã có sổ,Đăng nhập để xem,
351,Đất,Cần bán,Tây Ninh,Huyện Trảng Bàng,Xã Gia Lộc,"Đường Quốc Lộ 22, Xã Gia Lộc, Huyện Trảng Bàng, Tây Ninh",850 triệu,10/05/2021,275m²,,,,,Đã có sổ,Đăng nhập để xem,
352,Đất,Cần bán,Đồng Nai,Huyện Trảng Bom,Xã Sông Trầu,"Sông Trầu, Xã Sông Trầu, Huyện Trảng Bom, Đồng Nai",329 triệu,10/05/2021,125m²,,,,,Giấy tờ khác,Đăng nhập để xem,
353,Nhà,Cần bán,Hồ Chí Minh,Quận 8,Phường 5,"Đường Tạ Quang Bửu, Phường 5, Quận 8, Tp Hồ Chí Minh","3,6 tỷ",10/05/2021,48m²,,,3,3,Đã có sổ,Đăng nhập để xem,
354,Đất,Cần bán,Cần Thơ,Quận Cái Răng,Phường Phú Thứ,"Đường Võ Nguyên Giáp, Phường Phú Thứ, Quận Cái Răng, Cần Thơ","2,2 tỷ",10/05/2021,84m²,Đông Nam,,,,Đã có sổ,Đăng nhập để xem,
355,Nhà,Cần bán,Hồ Chí Minh,Quận 12,Phường Thạnh Xuân,"Đường Tô Ngọc Vân, Phường Thạnh Xuân, Quận 12, Tp Hồ Chí Minh",1 tỷ,10/05/2021,110m²,,2,2,2,Đã có sổ,Đăng nhập để xem,
356,Đất,Cần bán,Hồ Chí Minh,Huyện Củ Chi,Xã Thái Mỹ,"Đường Tỉnh Lộ 7, Xã Thái Mỹ, Huyện Củ Chi, Tp Hồ Chí Minh",500 triệu,10/05/2021,540m²,,,,,Đã có sổ,Đăng nhập để xem,
357,Nhà,Cần bán,Hồ Chí Minh,Quận Bình Tân,Phường Bình Trị Đông,"Đường Hương lộ 2, Phường Bình Trị Đông, Quận Bình Tân, Tp Hồ Chí Minh",880 triệu,10/05/2021,44m²,,1,2,2,Đã có sổ,Đăng nhập để xem,
358,Nhà,Cần bán,Hồ Chí Minh,Quận Tân Bình,Phường 15,"87, Đường Nguyễn Sỹ Sách, Phường 15, Quận Tân Bình, Tp Hồ Chí Minh","5,95 tỷ",10/05/2021,52m²,,3,4,5,Đã có sổ,Đăng nhập để xem,
359,Đất,Cần bán,Cần Thơ,Quận Cái Răng,Phường Hưng Thạnh,"Đường Võ Nguyên Giáp, Phường Hưng Thạnh, Quận Cái Răng, Cần Thơ","6,5 tỷ",10/05/2021,168m²,Đông,,,,Đã có sổ,Đăng nhập để xem,
360,Đất,Cần bán,Quảng Nam,Thị xã Điện Bàn,Phường Điện Dương,"Đường 7.5m, Phường Điện Dương, Thị xã Điện Bàn, Quảng Nam","2,35 tỷ",10/05/2021,110m²,,,,,Đã có sổ,Đăng nhập để xem,
361,Nhà,Cần bán,Lâm Đồng,Thành phố Đà Lạt,Phường 5,"Đường Nguyễn Đình Quân, Phường 5, Thành phố Đà Lạt, Lâm Đồng","3,15 tỷ",10/05/2021,70m²,Đông Nam,,3,3,Đã có sổ,Đăng nhập để xem,
362,Nhà,Cần bán,Đà Nẵng,Quận Sơn Trà,Phường Nại Hiên Đông,"Đường Trần Hưng Đạo, Phường Nại Hiên Đông, Quận Sơn Trà, Đà Nẵng",6 tỷ,10/05/2021,144m²,Đông Nam,4,3,4,Đã có sổ,Đăng nhập để xem,
363,Đất,Cần bán,Cần Thơ,Quận Bình Thuỷ,Phường Trà An,"Đường Nguyễn Viết Xuân, Phường Trà An, Quận Bình Thuỷ, Cần Thơ",14 tỷ,10/05/2021,2.000m²,Đông Nam,,,,Đã có sổ,Đăng nhập để xem,
364,Nhà,Cần bán,Hồ Chí Minh,Quận 6,Phường 6,"Đường Hậu Giang, Phường 6, Quận 6, Tp Hồ Chí Minh",5 tỷ,10/05/2021,40m²,Nam,2,2,3,Đã có sổ,Đăng nhập để xem,
365,Nhà,Cần bán,Hà Nội,Quận Bắc Từ Liêm,Phường Cổ Nhuế 2,"Đường Cổ Nhuế, Phường Cổ Nhuế 2, Quận Bắc Từ Liêm, Hà Nội","4,2 tỷ",10/05/2021,40m²,,5,5,5,Đã có sổ,Đăng nhập để xem,
366,Đất,Cần bán,Bà Rịa - Vũng Tàu,Huyện Đất Đỏ,Xã Láng Dài,"Đường Quốc Lộ 55, Xã Láng Dài, Huyện Đất Đỏ, Bà Rịa - Vũng Tàu",670 triệu,10/05/2021,100m²,,,,,Đã có sổ,Đăng nhập để xem,
367,Đất,Cần bán,Hồ Chí Minh,Quận 12,Phường Tân Hưng Thuận,"Đường DN4, Phường Tân Hưng Thuận, Quận 12, Tp Hồ Chí Minh","1,3 tỷ",10/05/2021,100m²,,,,,Đã có sổ,Đăng nhập để xem,
368,Đất,Cần bán,Long An,Huyện Cần Đước,Xã Long Định,"Đường ĐT 830, Xã Long Định, Huyện Cần Đước, Long An","1,9 tỷ",10/05/2021,214m²,Đông,,,,Đã có sổ,Đăng nhập để xem,
369,Nhà,Cần bán,Long An,Huyện Bến Lức,Xã Thanh Phú,"thanh phu, Xã Thanh Phú, Huyện Bến Lức, Long An","3,8 tỷ",10/05/2021,287m²,Đông Nam,1,5,4,Đã có sổ,Đăng nhập để xem,
370,Đất,Cần bán,Đồng Nai,Huyện Trảng Bom,Xã An Viễn,"Trảng Bom - An Viễn, Xã An Viễn, Huyện Trảng Bom, Đồng Nai",319 triệu,10/05/2021,101m²,,,,,Đã có sổ,Đăng nhập để xem,
371,Nhà,Cần bán,Kiên Giang,Thành phố Rạch Giá,Phường Vĩnh Thanh,"Đường Phạm Ngọc Thạch, Phường Vĩnh Thanh, Thành phố Rạch Giá, Kiên Giang","2,2 tỷ",10/05/2021,96m²,,,3,3,Đã có sổ,Đăng nhập để xem,
372,Nhà,Cần bán,Hồ Chí Minh,Quận Tân Bình,Phường 15,"Đường Trần Thái Tông, Phường 15, Quận Tân Bình, Tp Hồ Chí Minh","6,95 tỷ",10/05/2021,55m²,Đông Bắc,4,4,5,Đã có sổ,Đăng nhập để xem,
373,Nhà,Cần bán,Hồ Chí Minh,Quận 11,Phường 5,"480, Đường Lạc Long Quân, Phường 5, Quận 11, Tp Hồ Chí Minh","14,7 tỷ",10/05/2021,53m²,,3,4,,Đã có sổ,Đăng nhập để xem,
374,Đất,Cần bán,Hồ Chí Minh,Quận Thủ Đức,Phường Hiệp Bình Chánh,"Đường Số 12, Phường Hiệp Bình Chánh, Quận Thủ Đức, Tp Hồ Chí Minh","9,2 tỷ",10/05/2021,100m²,Nam,,,,Đã có sổ,Đăng nhập để xem,
375,Nhà,Cần bán,Hồ Chí Minh,Quận Tân Phú,Phường Tân Sơn Nhì,"Đường Tân Sơn Nhì, Phường Tân Sơn Nhì, Quận Tân Phú, Tp Hồ Chí Minh",22 tỷ,10/05/2021,95m²,,,6,6,,Đăng nhập để xem,
376,"Căn hộ, Chung cư",Cần bán,Hà Nội,Quận Tây Hồ,Phường Thụy Khuê,"Đường Võng Thị, Phường Thụy Khuê, Quận Tây Hồ, Hà Nội",680 triệu,10/05/2021,30m²,,,1,1,Đã có sổ,Đăng nhập để xem,
377,Nhà,Cần bán,Hồ Chí Minh,Quận Gò Vấp,Phường 16,"109/21, Đường Số 4, Phường 16, Quận Gò Vấp, Tp Hồ Chí Minh","3,49 tỷ",10/05/2021,32m²,,2,3,3,Đã có sổ,Đăng nhập để xem,
378,Đất,Cần bán,Bình Dương,Thị xã Bến Cát,Xã Phú An,"DT 744, Xã Phú An, Thị xã Bến Cát, Bình Dương","1,6 tỷ",10/05/2021,142m²,Tây Bắc,,,,Đã có sổ,Đăng nhập để xem,
379,Nhà,Cần bán,Sóc Trăng,Huyện Mỹ Tú,Xã Mỹ Tú,"Ấp Phụng Hiệp, Xã Mỹ Tú, Huyện Mỹ Tú, Sóc Trăng","1,4 tỷ",10/05/2021,150m²,,,1,1,Đã có sổ,Đăng nhập để xem,
380,Đất,Cần bán,Đắk Lắk,Thành phố Buôn Ma Thuột,Xã Cư ÊBur,"Đường Y Moan, Xã Cư ÊBur, Thành phố Buôn Ma Thuột, Đắk Lắk",820 triệu,10/05/2021,100m²,,,,,Đã có sổ,Đăng nhập để xem,
381,Nhà,Cho thuê,Hồ Chí Minh,Quận 6,Phường 13,"190/1, Đường Bà Hom, Phường 13, Quận 6, Tp Hồ Chí Minh","2,7 triệu/tháng",10/05/2021,18m²,Đông Nam,,1,1,,Đăng nhập để xem,
382,Đất,Cần bán,Long An,Huyện Cần Đước,Xã Long Cang,"cho Long can, Xã Long Cang, Huyện Cần Đước, Long An","2,5 tỷ",10/05/2021,245m²,Đông Nam,,,,Đã có sổ,Đăng nhập để xem,
383,Đất,Cần bán,Bình Dương,Thành phố Thủ Dầu Một,Phường Hiệp An,"Đường DX 088, Phường Hiệp An, Thành phố Thủ Dầu Một, Bình Dương","3,05 tỷ",10/05/2021,164m²,,,,,Đã có sổ,Đăng nhập để xem,
384,Nhà,Cần bán,Hồ Chí Minh,Quận Thủ Đức,Phường Hiệp Bình Chánh,"Đường Số 38, Phường Hiệp Bình Chánh, Quận Thủ Đức, Tp Hồ Chí Minh","5,15 tỷ",10/05/2021,80m²,,,3,2,Đã có sổ,Đăng nhập để xem,
385,Nhà,Cần bán,Hà Nội,Huyện Thanh Trì,Xã Ngọc Hồi,"Đường Ngọc Hồi, Xã Ngọc Hồi, Huyện Thanh Trì, Hà Nội","2,789 tỷ",10/05/2021,48m²,,4,5,3,Đã có sổ,Đăng nhập để xem,
386,Nhà,Cho thuê,Hồ Chí Minh,Quận Tân Bình,Phường 2,"2/9, Đường Phạm Cự Lượng, Phường 2, Quận Tân Bình, Tp Hồ Chí Minh",15 triệu/tháng,10/05/2021,42m²,Tây,,3,2,Đã có sổ,Đăng nhập để xem,
387,Nhà,Cần bán,Hồ Chí Minh,Quận 4,Phường 3,"Đường Tôn Thất Thuyết, Phường 3, Quận 4, Tp Hồ Chí Minh","3,65 tỷ",10/05/2021,30m²,,,2,2,Đã có sổ,Đăng nhập để xem,
388,Đất,Cần bán,Hồ Chí Minh,Quận Thủ Đức,Phường Hiệp Bình Chánh,"17/11, Đường 51, Phường Hiệp Bình Chánh, Quận Thủ Đức, Tp Hồ Chí Minh","4,25 tỷ",10/05/2021,71m²,,,,,Đã có sổ,Đăng nhập để xem,
389,Nhà,Cần bán,Hồ Chí Minh,Quận Bình Tân,Phường Bình Trị Đông,"Đường Tỉnh Lộ 10, Phường Bình Trị Đông, Quận Bình Tân, Tp Hồ Chí Minh","4,9 tỷ",10/05/2021,54m²,,,3,3,Đã có sổ,Đăng nhập để xem,
390,Nhà,Cần bán,Hồ Chí Minh,Quận Bình Tân,Phường Bình Trị Đông,"Đường Mã Lò, Phường Bình Trị Đông, Quận Bình Tân, Tp Hồ Chí Minh",950 triệu,10/05/2021,48m²,,1,2,2,Đã có sổ,Đăng nhập để xem,
391,Nhà,Cần bán,Vĩnh Long,Thị xã Bình Minh,Xã Mỹ Hòa,"Đường D5, Xã Mỹ Hòa, Thị xã Bình Minh, Vĩnh Long","1,9 tỷ",10/05/2021,105m²,Tây Nam,2,4,4,Đã có sổ,Đăng nhập để xem,
392,Nhà,Cho thuê,Bình Dương,Thành phố Thủ Dầu Một,Phường Chánh Mỹ,"194, Đường Huỳnh Văn Cù, Phường Chánh Mỹ, Thành phố Thủ Dầu Một, Bình Dương",7 triệu/tháng,10/05/2021,96m²,,,2,1,Giấy tờ khác,Đăng nhập để xem,
393,Nhà,Cần bán,Hồ Chí Minh,Huyện Bình Chánh,Xã Phong Phú,"Đường Quốc Lộ 50, Xã Phong Phú, Huyện Bình Chánh, Tp Hồ Chí Minh","1,1 tỷ",10/05/2021,50m²,,1,3,3,Đã có sổ,Đăng nhập để xem,
394,Nhà,Cần bán,Hồ Chí Minh,Quận Thủ Đức,Phường Hiệp Bình Chánh,"28/6, Đường Số 45, Phường Hiệp Bình Chánh, Quận Thủ Đức, Tp Hồ Chí Minh","2,2 tỷ",10/05/2021,28m²,,,2,1,,Đăng nhập để xem,
395,"Căn hộ, Chung cư",Cần bán,Hồ Chí Minh,Quận 9,Phường Trường Thạnh,"Nguyễn Bỉnh Khiêm, Phường Trường Thạnh, Quận 9, Tp Hồ Chí Minh",500 triệu,10/05/2021,45m²,,,1,1,Đã có sổ,Đăng nhập để xem,
396,Đất,Cần bán,Cần Thơ,Quận Cái Răng,Phường Lê Bình,"Đường Nhật Tảo, Phường Lê Bình, Quận Cái Răng, Cần Thơ","5,2 tỷ",10/05/2021,85m²,Đông Nam,,,,Đã có sổ,Đăng nhập để xem,
397,Nhà,Cần bán,Hồ Chí Minh,Quận Phú Nhuận,Phường 14,"Đường Đặng Văn Ngữ, Phường 14, Quận Phú Nhuận, Tp Hồ Chí Minh","13,2 tỷ",10/05/2021,75m²,,5,5,,Đã có sổ,Đăng nhập để xem,
398,Đất,Cần bán,Hồ Chí Minh,Quận 9,Phường Tăng Nhơn Phú A,"Đường 182, Phường Tăng Nhơn Phú A, Quận 9, Tp Hồ Chí Minh","9,2 tỷ",10/05/2021,200m²,,,,,Đã có sổ,Đăng nhập để xem,
399,Đất,Cần bán,Đắk Lắk,Thành phố Buôn Ma Thuột,Xã Hòa Thắng,"Đường Liên Xã, Xã Hòa Thắng, Thành phố Buôn Ma Thuột, Đắk Lắk",550 triệu,10/05/2021,200m²,Bắc,,,,Đã có sổ,Đăng nhập để xem,
400,Đất,Cần bán,Đồng Nai,Huyện Vĩnh Cửu,Xã Thạnh Phú,"Đường Hương Lộ 6, Xã Thạnh Phú, Huyện Vĩnh Cửu, Đồng Nai","1,78 tỷ",10/05/2021,155m²,,,,,Đã có sổ,Đăng nhập để xem,
401,Nhà,Cho thuê,Đà Nẵng,Quận Ngũ Hành Sơn,Phường Khuê Mỹ,"đường 5m5 gần Lê Văn Hiến, Phường Khuê Mỹ, Quận Ngũ Hành Sơn, Đà Nẵng",16 triệu/tháng,10/05/2021,100m²,,,5,4,Đã có sổ,Đăng nhập để xem,
402,Nhà,Cần bán,Bình Dương,Thành phố Thuận An,Phường Bình Chuẩn,"Bc63, Phường Bình Chuẩn, Thành phố Thuận An, Bình Dương","1,17 tỷ",10/05/2021,64m²,,,2,2,Đã có sổ,Đăng nhập để xem,
403,Đất,Cần bán,Hồ Chí Minh,Quận Thủ Đức,Phường Linh Trung,"Đường Số 7, Phường Linh Trung, Quận Thủ Đức, Tp Hồ Chí Minh",15 tỷ,10/05/2021,204m²,Tây Nam,,,,Đã có sổ,Đăng nhập để xem,
404,Đất,Cần bán,Hồ Chí Minh,Huyện Bình Chánh,Xã Vĩnh Lộc B,"Đường Vĩnh Lộc, Xã Vĩnh Lộc B, Huyện Bình Chánh, Tp Hồ Chí Minh","1,75 triệu",10/05/2021,320m²,,,,,Đã có sổ,Đăng nhập để xem,
405,Nhà,Cần bán,Kiên Giang,Thành phố Rạch Giá,Phường Vĩnh Thanh,"Đường Lý Thường Kiệt, Phường Vĩnh Thanh, Thành phố Rạch Giá, Kiên Giang","4,3 tỷ",10/05/2021,148m²,,,2,1,Đã có sổ,Đăng nhập để xem,
406,Nhà,Cần bán,Hồ Chí Minh,Quận 7,Phường Tân Hưng,"Đường Trần Xuân Soạn, Phường Tân Hưng, Quận 7, Tp Hồ Chí Minh","1,75 tỷ",10/05/2021,44m²,,1,2,2,Đã có sổ,Đăng nhập để xem,
407,Nhà,Cần bán,Đồng Tháp,Thành phố Cao Lãnh,Phường 4,"02, Đường Phạm Hữu Lầu, Phường 4, Thành phố Cao Lãnh, Đồng Tháp",7 tỷ,10/05/2021,56m²,Đông Nam,2,2,3,Đã có sổ,Đăng nhập để xem,
408,Đất,Cần bán,Hồ Chí Minh,Quận 9,Phường Long Trường,"Đường Số 6, Phường Long Trường, Quận 9, Tp Hồ Chí Minh","3,55 tỷ",10/05/2021,106m²,Đông Bắc,,,,Đã có sổ,Đăng nhập để xem,
409,Nhà,Cần bán,Hồ Chí Minh,Quận Thủ Đức,Phường Linh Trung,"Đường Số 7, Phường Linh Trung, Quận Thủ Đức, Tp Hồ Chí Minh","5,2 tỷ",10/05/2021,56m²,Tây,2,3,2,Đã có sổ,Đăng nhập để xem,
410,Đất,Cần bán,Khánh Hòa,Huyện Cam Lâm,Xã Cam Tân,"Phu Binh 1, Xã Cam Tân, Huyện Cam Lâm, Khánh Hòa","1,35 tỷ",10/05/2021,1.250m²,,,,,Đã có sổ,Đăng nhập để xem,
411,Đất,Cần bán,Đắk Lắk,Thành phố Buôn Ma Thuột,Xã Hòa Thuận,"Đường Liên Thôn 8, Xã Hòa Thuận, Thành phố Buôn Ma Thuột, Đắk Lắk",640 triệu,10/05/2021,2.000m²,,,,,,Đăng nhập để xem,
412,Nhà,Cho thuê,Hồ Chí Minh,Huyện Hóc Môn,Xã Thới Tam Thôn,"7/8E, Đường Thới Tam Thôn 10, Xã Thới Tam Thôn, Huyện Hóc Môn, Tp Hồ Chí Minh","5,5 triệu/tháng",10/05/2021,130m²,Đông,,3,2,Đã có sổ,Đăng nhập để xem,
413,Đất,Cần bán,Hồ Chí Minh,Quận 9,Phường Long Trường,"Đường Nguyễn Duy Trinh, Phường Long Trường, Quận 9, Tp Hồ Chí Minh",980 triệu,10/05/2021,60m²,,,,,Đã có sổ,Đăng nhập để xem,
414,Đất,Cần bán,Hồ Chí Minh,Quận Bình Tân,Phường Bình Trị Đông A,"Đường Hương lộ 2, Phường Bình Trị Đông A, Quận Bình Tân, Tp Hồ Chí Minh","4,2 tỷ",10/05/2021,80m²,,,,,Đã có sổ,Đăng nhập để xem,
415,Nhà,Cần bán,Hồ Chí Minh,Quận Bình Thạnh,Phường 25,"Đường Ung Văn Khiêm, Phường 25, Quận Bình Thạnh, Tp Hồ Chí Minh","1,5 tỷ",10/05/2021,64m²,Đông,,2,3,Đã có sổ,Đăng nhập để xem,
416,Nhà,Cần bán,Đà Nẵng,Quận Thanh Khê,Phường Hòa Khê,"249/12, Đường Hà Huy Tập, Phường Hòa Khê, Quận Thanh Khê, Đà Nẵng","2,9 tỷ",10/05/2021,43m²,Đông Nam,,4,3,Đã có sổ,Đăng nhập để xem,
417,Đất,Cần bán,Đắk Lắk,Thành phố Buôn Ma Thuột,Xã Cư ÊBur,"Đường Liên Thôn 8, Xã Cư ÊBur, Thành phố Buôn Ma Thuột, Đắk Lắk",368 triệu,10/05/2021,150m²,Đông,,,,Đã có sổ,Đăng nhập để xem,
418,"Căn hộ, Chung cư",Cần bán,Hồ Chí Minh,Quận Thủ Đức,Phường Tam Bình,"Đường Xa lộ Đại Hàn, Phường Tam Bình, Quận Thủ Đức, Tp Hồ Chí Minh","1,47 tỷ",10/05/2021,50m²,,,2,2,Đã có sổ,Đăng nhập để xem,
419,Đất,Cần bán,Hồ Chí Minh,Quận 9,Phường Phú Hữu,"Đường Bưng Ông Thoàn, Phường Phú Hữu, Quận 9, Tp Hồ Chí Minh",799 triệu,10/05/2021,50m²,,,,,Đã có sổ,Đăng nhập để xem,
420,Đất,Cần bán,Hồ Chí Minh,Quận 9,Phường Phước Long B,"Đường Đỗ Xuân Hợp, Phường Phước Long B, Quận 9, Tp Hồ Chí Minh",850 triệu,10/05/2021,50m²,,,,,Đã có sổ,Đăng nhập để xem,
421,Nhà,Cho thuê,Hồ Chí Minh,Quận Thủ Đức,Phường Linh Trung,"Đường Lê Văn Chí, Phường Linh Trung, Quận Thủ Đức, Tp Hồ Chí Minh",30 triệu/tháng,10/05/2021,60m²,,,4,4,Đã có sổ,Đăng nhập để xem,
422,Nhà,Cần bán,Hồ Chí Minh,Quận Bình Tân,Phường Bình Trị Đông,"243, Đường Mã Lò, Phường Bình Trị Đông, Quận Bình Tân, Tp Hồ Chí Minh","2,45 tỷ",10/05/2021,42m²,Đông,1,1,1,Đã có sổ,Đăng nhập để xem,
423,Nhà,Cần bán,Hồ Chí Minh,Quận Phú Nhuận,Phường 4,"Đường Thích Quảng Đức, Phường 4, Quận Phú Nhuận, Tp Hồ Chí Minh","15,5 tỷ",10/05/2021,62m²,,,5,4,Đã có sổ,Đăng nhập để xem,
424,"Căn hộ, Chung cư",Cho thuê,Hồ Chí Minh,Quận Thủ Đức,Phường Linh Trung,"35, Đường Lê Văn Chí, Phường Linh Trung, Quận Thủ Đức, Tp Hồ Chí Minh",10 triệu/tháng,10/05/2021,125m²,,,3,3,Đang chờ sổ,Đăng nhập để xem,
425,Nhà,Cần bán,Bình Dương,Thị xã Tân Uyên,Xã Vĩnh Tân,"10, Đường DT 742, Xã Vĩnh Tân, Thị xã Tân Uyên, Bình Dương","2,164 tỷ",10/05/2021,114m²,,,4,3,Đã có sổ,Đăng nhập để xem,
426,Nhà,Cần bán,Hồ Chí Minh,Quận Bình Tân,Phường Bình Hưng Hoà A,"Đường 4, Phường Bình Hưng Hoà A, Quận Bình Tân, Tp Hồ Chí Minh","5,1 tỷ",10/05/2021,56m²,Đông,,4,2,Đã có sổ,Đăng nhập để xem,
427,Nhà,Cần bán,Hồ Chí Minh,Quận 2,Phường Thảo Điền,"nguyen van hương, Phường Thảo Điền, Quận 2, Tp Hồ Chí Minh","2,9 tỷ",10/05/2021,72m²,Đông Nam,,3,3,Đã có sổ,Đăng nhập để xem,
428,"Căn hộ, Chung cư",Cần bán,Bình Dương,Thành phố Thuận An,Phường An Phú,"Đường ĐT 743, Phường An Phú, Thành phố Thuận An, Bình Dương",300 triệu,10/05/2021,60m²,,,2,2,,Đăng nhập để xem,
429,Nhà,Cần bán,Hồ Chí Minh,Quận 5,Phường 4,"Đường An Dương Vương, Phường 4, Quận 5, Tp Hồ Chí Minh","1,39 tỷ",10/05/2021,48m²,,,3,3,Đã có sổ,Đăng nhập để xem,
430,Nhà,Cần bán,Hà Nội,Quận Cầu Giấy,Phường Nghĩa Đô,"Đường Hoàng Quốc Việt, Phường Nghĩa Đô, Quận Cầu Giấy, Hà Nội",5 tỷ,10/05/2021,40m²,,5,9,,Đã có sổ,Đăng nhập để xem,
431,Nhà,Cần bán,Hồ Chí Minh,Quận 7,Phường Tân Hưng,"Đường Lê Văn Lương, Phường Tân Hưng, Quận 7, Tp Hồ Chí Minh","1,57 tỷ",10/05/2021,38m²,,,2,2,Đã có sổ,Đăng nhập để xem,
432,Nhà,Cần bán,Hồ Chí Minh,Quận 7,Phường Phú Thuận,"Đường Huỳnh Tấn Phát, Phường Phú Thuận, Quận 7, Tp Hồ Chí Minh","3,65 tỷ",10/05/2021,56m²,,,3,3,Đã có sổ,Đăng nhập để xem,
433,Đất,Cần bán,Hồ Chí Minh,Huyện Hóc Môn,Xã Thới Tam Thôn,"Ấp Đông - To Ký, Xã Thới Tam Thôn, Huyện Hóc Môn, Tp Hồ Chí Minh","8,5 tỷ",10/05/2021,151m²,,,,,Đã có sổ,Đăng nhập để xem,
434,Đất,Cần bán,Đồng Nai,Huyện Định Quán,Xã Phú Ngọc,"Đường Quốc Lộ 20, Xã Phú Ngọc, Huyện Định Quán, Đồng Nai",550 triệu,10/05/2021,1.000m²,,,,,Đã có sổ,Đăng nhập để xem,
435,Đất,Cần bán,Bến Tre,Thành phố Bến Tre,Xã Phú Nhuận,"Đường 19/5, Xã Phú Nhuận, Thành phố Bến Tre, Bến Tre",550 triệu,10/05/2021,150m²,Đông Nam,,,,Đã có sổ,Đăng nhập để xem,
436,Đất,Cần bán,Vĩnh Phúc,Huyện Tam Dương,Xã Kim Long,"ĐT309B, Xã Kim Long, Huyện Tam Dương, Vĩnh Phúc","3,2 tỷ",10/05/2021,500m²,Đông Nam,,,,Đã có sổ,Đăng nhập để xem,
437,Đất,Cần bán,Bình Phước,Huyện Hớn Quản,Xã An Khương,"An khương, Xã An Khương, Huyện Hớn Quản, Bình Phước",850.000 đ,10/05/2021,1.079m²,Tây,,,,Đã có sổ,Đăng nhập để xem,
438,Đất,Cần bán,Bình Phước,Huyện Lộc Ninh,Xã Lộc Thành,"Tà tê, Xã Lộc Thành, Huyện Lộc Ninh, Bình Phước",280 triệu,10/05/2021,1.020m²,Nam,,,,Đã có sổ,Đăng nhập để xem,
439,Nhà,Cần bán,Hà Nội,Quận Hà Đông,Phường Đồng Mai,"Quốc lộ 6, Phường Đồng Mai, Quận Hà Đông, Hà Nội","1,75 tỷ",10/05/2021,58m²,Tây,3,4,3,Đã có sổ,Đăng nhập để xem,
440,Nhà,Cần bán,Hồ Chí Minh,Quận Gò Vấp,Phường 8,"26/15/, Đường Số 19, Phường 8, Quận Gò Vấp, Tp Hồ Chí Minh","3,55 tỷ",10/05/2021,30m²,,1,2,2,Đã có sổ,Đăng nhập để xem,
441,Nhà,Cần bán,Hà Nội,Quận Hà Đông,Phường Phú Lãm,"Đường Ba La, Phường Phú Lãm, Quận Hà Đông, Hà Nội","5,2 tỷ",10/05/2021,58m²,Đông,,4,4,,Đăng nhập để xem,
442,Nhà,Cần bán,Đắk Lắk,Thành phố Buôn Ma Thuột,Phường Ea Tam,"0391, Đường Săm Brăm, Phường Ea Tam, Thành phố Buôn Ma Thuột, Đắk Lắk","2,545 tỷ",10/05/2021,110m²,Đông,,7,,,Đăng nhập để xem,
443,Đất,Cần bán,Đắk Lắk,Thành phố Buôn Ma Thuột,Xã Ea Kao,"thôn 3, Xã Ea Kao, Thành phố Buôn Ma Thuột, Đắk Lắk",750 triệu,10/05/2021,3.320m²,Tây,,,,Đã có sổ,Đăng nhập để xem,
444,Đất,Cần bán,Bà Rịa - Vũng Tàu,Huyện Xuyên Mộc,Xã Tân Lâm,"Đường Tỉnh lộ 328, Xã Tân Lâm, Huyện Xuyên Mộc, Bà Rịa - Vũng Tàu",650 triệu,10/05/2021,2.600m²,Đông Bắc,,,,Đã có sổ,Đăng nhập để xem,
445,Nhà,Cần bán,Hồ Chí Minh,Quận 2,Phường Bình An,"Đường Trần Não, Phường Bình An, Quận 2, Tp Hồ Chí Minh","2,2 tỷ",10/05/2021,72m²,Đông Nam,,3,3,Đã có sổ,Đăng nhập để xem,
446,Nhà,Cần bán,Hồ Chí Minh,Quận Gò Vấp,Phường 1,"Đường Phạm Văn Đồng, Phường 1, Quận Gò Vấp, Tp Hồ Chí Minh",17 tỷ,10/05/2021,300m²,,,3,3,,Đăng nhập để xem,
447,Nhà,Cần bán,Hồ Chí Minh,Huyện Bình Chánh,Xã Bình Chánh,"D07, Đường Đinh Đức Thiện, Xã Bình Chánh, Huyện Bình Chánh, Tp Hồ Chí Minh",979 triệu,10/05/2021,35m²,,1,2,2,Đã có sổ,Đăng nhập để xem,
448,Nhà,Cần bán,Hà Nội,Quận Hoàng Mai,Phường Tương Mai,"Đường Nguyễn An Ninh, Phường Tương Mai, Quận Hoàng Mai, Hà Nội","3,68 tỷ",10/05/2021,69m²,,,3,2,,Đăng nhập để xem,
449,Nhà,Cần bán,Long An,Huyện Cần Đước,Thị trấn Cần Đước,"Đường Quốc Lộ 50, Thị trấn Cần Đước, Huyện Cần Đước, Long An","1,74 tỷ",10/05/2021,133m²,Nam,,2,1,Đã có sổ,Đăng nhập để xem,
450,Nhà,Cần bán,Hồ Chí Minh,Quận 9,Phường Long Trường,"Đường 1, Phường Long Trường, Quận 9, Tp Hồ Chí Minh","4,1 tỷ",10/05/2021,89m²,Tây,,4,3,Đã có sổ,Đăng nhập để xem,
451,Nhà,Cần bán,Bình Dương,Thị xã Tân Uyên,Phường Uyên Hưng,"Đường ĐT 747A, Phường Uyên Hưng, Thị xã Tân Uyên, Bình Dương",240 triệu,10/05/2021,100m²,Đông Nam,,3,2,Đã có sổ,Đăng nhập để xem,
452,Đất,Cần bán,Bình Phước,Thành phố Đồng Xoài,Xã Tiến Hưng,"Đường D11, Xã Tiến Hưng, Thành phố Đồng Xoài, Bình Phước",850 triệu,10/05/2021,150m²,,,,,Đã có sổ,Đăng nhập để xem,
453,Đất,Cần bán,Bình Định,Thị xã An Nhơn,Phường Bình Định,"Lê Hồng Phong, Phường Bình Định, Thị xã An Nhơn, Bình Định","1,67 tỷ",10/05/2021,100m²,Nam,,,,Đã có sổ,Đăng nhập để xem,
454,Đất,Cần bán,Hà Nội,Quận Long Biên,Phường Phúc Đồng,"Số 192 Dãy C11 Khu Dân Cư 918, Đường Nguyễn Văn Linh, Phường Phúc Đồng, Quận Long Biên, Hà Nội","3,4 tỷ",10/05/2021,38m²,Tây Nam,,,,Đã có sổ,Đăng nhập để xem,
455,Đất,Cần bán,Tây Ninh,Huyện Gò Dầu,Xã Phước Đông,"Đường Hương lộ 1, Xã Phước Đông, Huyện Gò Dầu, Tây Ninh","4,95 tỷ",10/05/2021,702m²,,,,,Đã có sổ,Đăng nhập để xem,
456,Nhà,Cần bán,Hà Nội,Quận Cầu Giấy,Phường Trung Hoà,"Đường Nguyễn Ngọc Vũ, Phường Trung Hoà, Quận Cầu Giấy, Hà Nội","8,5 tỷ",10/05/2021,45m²,,6,4,3,Đã có sổ,Đăng nhập để xem,
457,Đất,Cần bán,Bà Rịa - Vũng Tàu,Huyện Xuyên Mộc,Xã Bông Trang,"Đường 55, Xã Bông Trang, Huyện Xuyên Mộc, Bà Rịa - Vũng Tàu",110 triệu,10/05/2021,901m²,Bắc,,,,Đã có sổ,Đăng nhập để xem,
458,Đất,Cần bán,Vĩnh Long,Thành phố Vĩnh Long,Phường 8,"144/ 130 D, Đường Đinh Tiên Hoàng, Phường 8, Thành phố Vĩnh Long, Vĩnh Long",980 triệu,10/05/2021,2.732m²,,,,,Đã có sổ,Đăng nhập để xem,
459,Đất,Cần bán,Bình Định,Huyện Phù Cát,Thị trấn Ngô Mây,"Đường Ngô Mây, Thị trấn Ngô Mây, Huyện Phù Cát, Bình Định",870 triệu,10/05/2021,169m²,,,,,Đã có sổ,Đăng nhập để xem,
460,Đất,Cần bán,Bình Định,Thị xã An Nhơn,Xã Nhơn Lộc,"639B, Xã Nhơn Lộc, Thị xã An Nhơn, Bình Định","1,55 tỷ",10/05/2021,210m²,Đông,,,,Đã có sổ,Đăng nhập để xem,
461,Nhà,Cần bán,Vĩnh Long,Thành phố Vĩnh Long,Phường 8,"Chợ Vượt Lũ, Phường 8, Thành phố Vĩnh Long, Vĩnh Long","3,1 tỷ",10/05/2021,120m²,Đông Nam,,6,4,Đã có sổ,Đăng nhập để xem,
462,Nhà,Cần bán,Hà Nội,Quận Nam Từ Liêm,Phường Mỹ Đình 1,"Đường Mỹ Đình, Phường Mỹ Đình 1, Quận Nam Từ Liêm, Hà Nội","3,7 tỷ",10/05/2021,38m²,,,5,3,Đã có sổ,Đăng nhập để xem,
463,Nhà,Cần bán,Đắk Lắk,Thành phố Buôn Ma Thuột,Phường Tân Lợi,"Đường Y Moan, Phường Tân Lợi, Thành phố Buôn Ma Thuột, Đắk Lắk","2,35 tỷ",10/05/2021,92m²,,,1,1,Đã có sổ,Đăng nhập để xem,
464,Đất,Cần bán,Lào Cai,Thị xã Sa Pa,Phường Phan Si Păng,"Đường Điện Biên Phủ, Phường Phan Si Păng, Thị xã Sa Pa, Lào Cai",3 tỷ,10/05/2021,240m²,,,,,Đã có sổ,Đăng nhập để xem,
465,Nhà,Cho thuê,Sóc Trăng,Thành phố Sóc Trăng,Phường 7,"Đường Nam Kỳ Khởi Nghĩa, Phường 7, Thành phố Sóc Trăng, Sóc Trăng",3 triệu/tháng,10/05/2021,300m²,Đông,,2,1,Đã có sổ,Đăng nhập để xem,
466,"Căn hộ, Chung cư",Cần bán,Bình Dương,Thành phố Thuận An,Phường Lái Thiêu,"Đường Nguyễn Văn Tiết, Phường Lái Thiêu, Thành phố Thuận An, Bình Dương","1,85 tỷ",10/05/2021,65m²,,,2,2,Đang chờ sổ,Đăng nhập để xem,
467,Nhà,Cần bán,Hồ Chí Minh,Quận 12,Phường Đông Hưng Thuận,"dht 08, Phường Đông Hưng Thuận, Quận 12, Tp Hồ Chí Minh","5,5 tỷ",10/05/2021,75m²,Đông,,6,4,Đã có sổ,Đăng nhập để xem,
468,Nhà,Cần bán,Hồ Chí Minh,Quận Tân Bình,Phường 13,"Đường Văn Chung, Phường 13, Quận Tân Bình, Tp Hồ Chí Minh","17,99 tỷ",10/05/2021,150m²,,2,4,4,Đã có sổ,Đăng nhập để xem,
469,Nhà,Cần bán,Hồ Chí Minh,Huyện Bình Chánh,Xã Vĩnh Lộc B,"20, Khu Pho 10, Xã Vĩnh Lộc B, Huyện Bình Chánh, Tp Hồ Chí Minh","1,04 tỷ",10/05/2021,50m²,Nam,,2,1,,Đăng nhập để xem,
470,"Căn hộ, Chung cư",Cần bán,Hồ Chí Minh,Quận 7,Phường Phú Thuận,"15, 15 Đường Hoàng Quốc Việt, Phường Phú Thuận, Quận 7, Tp Hồ Chí Minh","2,28 tỷ",10/05/2021,79m²,Đông Nam,,2,2,Giấy tờ khác,Đăng nhập để xem,
471,Đất,Cần bán,Bình Dương,Thị xã Dĩ An,Phường Tân Đông Hiệp,"Đường Trần Nguyên Hãn, Phường Tân Đông Hiệp, Thị xã Dĩ An, Bình Dương",350 triệu,10/05/2021,1.200m²,,,,,Đã có sổ,Đăng nhập để xem,
472,Nhà,Cần bán,Hồ Chí Minh,Quận 8,Phường 3,"Đường Âu Dương Lân, Phường 3, Quận 8, Tp Hồ Chí Minh","6,8 triệu",10/05/2021,212m²,Đông,,6,,Đã có sổ,Đăng nhập để xem,
473,Đất,Cần bán,Bình Phước,Huyện Chơn Thành,Xã Minh Hưng,"Đường 14, Xã Minh Hưng, Huyện Chơn Thành, Bình Phước",300 triệu,10/05/2021,233m²,,,,,,Đăng nhập để xem,
474,Đất,Cần bán,Long An,Huyện Cần Giuộc,Xã Mỹ Lộc,"Đoàn Văn Diệu, Xã Mỹ Lộc, Huyện Cần Giuộc, Long An","1,35 tỷ",10/05/2021,300m²,Tây,,,,Đã có sổ,Đăng nhập để xem,
475,Nhà,Cần bán,Hồ Chí Minh,Quận Gò Vấp,Phường 3,"Đường Nguyễn Kiệm, Phường 3, Quận Gò Vấp, Tp Hồ Chí Minh","8,6 tỷ",10/05/2021,71m²,,,3,,Đã có sổ,Đăng nhập để xem,
476,Nhà,Cần bán,Long An,Huyện Bến Lức,Thị trấn Bến Lức,"Đường Nguyễn Văn Tuôi, Thị trấn Bến Lức, Huyện Bến Lức, Long An","2,95 tỷ",10/05/2021,75m²,Bắc,2,3,4,Đang chờ sổ,Đăng nhập để xem,
477,"Căn hộ, Chung cư",Cần bán,Hồ Chí Minh,Quận 2,Phường Cát Lái,"Đường Nguyễn Thị Định, Phường Cát Lái, Quận 2, Tp Hồ Chí Minh","1,279 tỷ",10/05/2021,59m²,,,2,2,Đang chờ sổ,Đăng nhập để xem,
478,Nhà,Cho thuê,Bình Dương,Thành phố Thuận An,Phường An Phú,"Đường D4, Phường An Phú, Thành phố Thuận An, Bình Dương","5,5 triệu/tháng",10/05/2021,100m²,,2,3,2,Giấy tờ khác,Đăng nhập để xem,
479,Nhà,Cần bán,Hà Nội,Quận Đống Đa,Phường Trung Liệt,"Đường Tây Sơn, Phường Trung Liệt, Quận Đống Đa, Hà Nội","4,5 tỷ",10/05/2021,35m²,,5,6,6,Đã có sổ,Đăng nhập để xem,
480,Nhà,Cần bán,Hà Nội,Quận Hai Bà Trưng,Phường Quỳnh Mai,"Phố 8-3, Phường Quỳnh Mai, Quận Hai Bà Trưng, Hà Nội","1,8 tỷ",10/05/2021,70m²,,1,2,2,Đã có sổ,Đăng nhập để xem,
481,"Căn hộ, Chung cư",Cho thuê,Hồ Chí Minh,Quận Tân Bình,Phường 13,"Đường Đồng Xoài, Phường 13, Quận Tân Bình, Tp Hồ Chí Minh","4,4 triệu/tháng",10/05/2021,25m²,,,1,,,Đăng nhập để xem,
482,Đất,Cần bán,Bà Rịa - Vũng Tàu,Huyện Châu Đức,Xã Đá Bạc,"TL765, Xã Đá Bạc, Huyện Châu Đức, Bà Rịa - Vũng Tàu","2,16 tỷ",10/05/2021,678m²,,,,,,Đăng nhập để xem,
483,Nhà,Cần bán,Hồ Chí Minh,Quận 7,Phường Tân Phú,"Đường Huỳnh Tấn Phát, Phường Tân Phú, Quận 7, Tp Hồ Chí Minh","3,85 tỷ",10/05/2021,48m²,Đông Bắc,2,3,2,Đã có sổ,Đăng nhập để xem,
484,Nhà,Cho thuê,Hồ Chí Minh,Huyện Hóc Môn,Xã Đông Thạnh,"205/73/21 ấp 5, Ngã Tư Đông Thạnh 4, Xã Đông Thạnh, Huyện Hóc Môn, Tp Hồ Chí Minh",6 triệu/tháng,10/05/2021,200m²,Đông Bắc,1,2,2,Đã có sổ,Đăng nhập để xem,
485,Nhà,Cần bán,Hồ Chí Minh,Quận 9,Phường Phú Hữu,"Đường Nguyễn Duy Trinh, Phường Phú Hữu, Quận 9, Tp Hồ Chí Minh","1,42 tỷ",10/05/2021,42m²,,,2,2,Đã có sổ,Đăng nhập để xem,
486,Nhà,Cần bán,Bình Thuận,Huyện Hàm Tân,Xã Sông Phan,"Đường Quốc Lộ 1, Xã Sông Phan, Huyện Hàm Tân, Bình Thuận","2,2 triệu",10/05/2021,1.150m²,,,3,,Đã có sổ,Đăng nhập để xem,
487,Đất,Cần bán,Bình Thuận,Huyện Hàm Tân,Xã Tân Phúc,"ql55, Xã Tân Phúc, Huyện Hàm Tân, Bình Thuận","1,8 tỷ",10/05/2021,14.000m²,,,,,,Đăng nhập để xem,
488,Nhà,Cần bán,Hồ Chí Minh,Quận Tân Phú,Phường Tân Quý,"Đường Lê Thúc Hoạch, Phường Tân Quý, Quận Tân Phú, Tp Hồ Chí Minh","5,8 tỷ",10/05/2021,52m²,,4,4,5,Đã có sổ,Đăng nhập để xem,
489,"Căn hộ, Chung cư",Cho thuê,Hồ Chí Minh,Quận 4,Phường 3,"khánh hội, Phường 3, Quận 4, Tp Hồ Chí Minh","6,5 triệu/tháng",10/05/2021,35m²,,,1,1,,Đăng nhập để xem,
490,Đất,Cần bán,Hồ Chí Minh,Quận Thủ Đức,Phường Linh Xuân,"Đường Quốc lộ 1A, Phường Linh Xuân, Quận Thủ Đức, Tp Hồ Chí Minh","4,3 tỷ",10/05/2021,100m²,,,,,,Đăng nhập để xem,
491,"Căn hộ, Chung cư",Cho thuê,Hồ Chí Minh,Quận Tân Bình,Phường 4,"Trường Sơn, Phường 4, Quận Tân Bình, Tp Hồ Chí Minh",8 triệu/tháng,10/05/2021,30m²,,,1,,,Đăng nhập để xem,
492,Nhà,Cần bán,Hồ Chí Minh,Quận Bình Tân,Phường Bình Trị Đông A,"Đường Lê Văn Quới, Phường Bình Trị Đông A, Quận Bình Tân, Tp Hồ Chí Minh","6,9 tỷ",10/05/2021,166m²,Đông Bắc,2,4,3,Đã có sổ,Đăng nhập để xem,
493,Nhà,Cần bán,Đà Nẵng,Quận Thanh Khê,Phường Hòa Khê,"Đường Phạm Nhữ Tăng, Phường Hòa Khê, Quận Thanh Khê, Đà Nẵng","2,55 tỷ",10/05/2021,51m²,Tây Nam,2,3,2,Đã có sổ,Đăng nhập để xem,
494,Nhà,Cần bán,Hà Nội,Quận Ba Đình,Phường Đội Cấn,"Đường Đội Cấn, Phường Đội Cấn, Quận Ba Đình, Hà Nội","2,45 tỷ",10/05/2021,20m²,Đông,6,3,2,Đã có sổ,Đăng nhập để xem,
495,Nhà,Cần bán,Hồ Chí Minh,Quận 10,Phường 13,"Đường Cách Mạng Tháng Tám, Phường 13, Quận 10, Tp Hồ Chí Minh","5,2 tỷ",10/05/2021,29m²,,3,3,5,Đã có sổ,Đăng nhập để xem,
496,Đất,Cần bán,Hồ Chí Minh,Quận 9,Phường Long Bình,"Đường 15, Phường Long Bình, Quận 9, Tp Hồ Chí Minh","12,8 tỷ",10/05/2021,6.800m²,,,,,Đang chờ sổ,Đăng nhập để xem,
497,Nhà,Cho thuê,Hồ Chí Minh,Quận Bình Thạnh,Phường 1,"Đường Đinh Tiên Hoàng, Phường 1, Quận Bình Thạnh, Tp Hồ Chí Minh",15 triệu/tháng,10/05/2021,45m²,,,4,3,,Đăng nhập để xem,
498,"Căn hộ, Chung cư",Cho thuê,Hồ Chí Minh,Quận Tân Bình,Phường 13,"Bình Giã, Phường 13, Quận Tân Bình, Tp Hồ Chí Minh","4,8 triệu/tháng",10/05/2021,20m²,,,1,,,Đăng nhập để xem,
499,"Căn hộ, Chung cư",Cho thuê,Đà Nẵng,Quận Sơn Trà,Phường An Hải Bắc,"Phạm Văn Đồng, Phường An Hải Bắc, Quận Sơn Trà, Đà Nẵng","3,9 triệu/tháng",10/05/2021,35m²,Bắc,,1,1,Giấy tờ khác,Đăng nhập để xem,
